alert_id,transaction_id,alert_type,alert_date,resolved,resolution_date,remarks
alert134117,txn10034117,frequent_failure,29:59.0,0,,Strategy forward the risk necessary company ready.
alert183925,txn10083925,frequent_failure,41:15.2,1,41:15.2,Art do federal short.
alert163439,txn10063439,unusual_time,23:55.9,1,23:55.9,Age board fine participant join.
alert164967,txn10064967,frequent_failure,50:16.9,1,50:16.9,Among doctor much physical interest catch.
alert159661,txn10059661,frequent_failure,59:36.2,1,59:36.2,Would catch themselves be represent why decade.
alert180006,txn10080006,unusual_amount,01:59.4,1,01:59.4,Democrat class ago such story cold environmental tax.
alert130778,txn10030778,unusual_amount,53:05.7,1,06:42.0,Anyone onto style science then Republican black myself.
alert122322,txn10022322,unusual_amount,00:55.2,1,00:55.2,Write anyone capital national.
alert155954,txn10055954,unusual_amount,15:11.0,0,,Realize mention grow several season husband their.
alert140444,txn10040444,suspicious_login,05:01.9,0,,Everybody team effect purpose series imagine name.
alert173510,txn10073510,suspicious_login,07:29.8,1,07:29.8,Price front summer score artist defense.
alert172416,txn10072416,unusual_time,16:19.7,1,16:19.7,Score may reality compare almost impact college address.
alert182690,txn10082690,unusual_time,04:17.8,1,04:17.8,Attention final model ability simple response stock.
alert156982,txn10056982,frequent_failure,28:12.7,1,28:12.7,Break report fear for officer.
alert121922,txn10021922,unusual_time,36:47.5,1,36:47.5,Century class enjoy.
alert190191,txn10090191,suspicious_login,10:06.6,1,10:06.6,Represent happen child allow nice member along.
alert132693,txn10032693,suspicious_login,21:06.3,1,21:06.3,Believe western head democratic mission she daughter.
alert162262,txn10062262,unusual_time,00:02.2,1,00:02.2,Pay 1 for contain.
alert143058,txn10043058,suspicious_login,08:29.0,0,,Official billion sign prepare them while stop.
alert172962,txn10072962,frequent_failure,49:33.2,0,,I computer mention lay area under its.
alert111288,txn10011288,frequent_failure,21:44.3,0,,Including have accept until.
alert190757,txn10090757,frequent_failure,13:55.0,1,13:55.0,Specific case his increase lose.
alert195992,txn10095992,suspicious_login,44:15.7,1,44:15.7,Source detail never figure interesting information.
alert144016,txn10044016,unusual_time,47:05.9,0,,Benefit respond head.
alert131558,txn10031558,unusual_time,16:55.7,1,16:55.7,Sometimes maybe just return.
alert118287,txn10018287,unusual_time,10:45.7,1,10:45.7,Us argue left east partner money.
alert197713,txn10097713,suspicious_login,29:57.4,1,29:57.4,Several ok scientist meeting.
alert117919,txn10017919,suspicious_login,58:56.1,1,58:56.1,Society level house him nice money catch whose.
alert128056,txn10028056,unusual_time,18:43.8,1,18:43.8,Return hundred official up education participant always speak.
alert113524,txn10013524,suspicious_login,55:47.3,1,55:47.3,Type sound special.
alert198754,txn10098754,suspicious_login,18:11.3,0,,Benefit student country how feel simply lot.
alert143678,txn10043678,frequent_failure,50:06.3,1,50:06.3,Pick own ten sign bag.
alert182558,txn10082558,suspicious_login,34:42.3,1,34:42.3,Least parent upon fire soldier sense.
alert136474,txn10036474,unusual_amount,52:06.7,1,52:06.7,Product boy hospital with.
alert128807,txn10028807,unusual_time,18:11.1,1,06:42.0,Keep door set across watch.
alert136007,txn10036007,frequent_failure,28:56.7,1,28:56.7,Other half place small although they.
alert129118,txn10029118,suspicious_login,35:40.5,1,35:40.5,Make experience history international knowledge simply whole.
alert103019,txn10003019,suspicious_login,37:56.1,0,,Anything wide bar tonight allow operation certainly.
alert143397,txn10043397,unusual_amount,07:45.8,0,,Time open half enter and customer rule.
alert185636,txn10085636,frequent_failure,59:33.9,1,59:33.9,Make well take music imagine.
alert109063,txn10009063,frequent_failure,21:26.1,1,21:26.1,Morning project soon would she happen respond.
alert113940,txn10013940,suspicious_login,05:21.2,1,05:21.2,Thus number state.
alert156319,txn10056319,suspicious_login,28:09.7,1,28:09.7,Lead stuff understand month.
alert151548,txn10051548,unusual_amount,38:19.9,1,38:19.9,Goal art kid near doctor step.
alert153063,txn10053063,unusual_amount,12:53.1,1,12:53.1,Another million heart young market course.
alert179535,txn10079535,frequent_failure,43:28.6,1,43:28.6,Thing think thus soldier.
alert134119,txn10034119,unusual_time,21:19.9,1,21:19.9,Week bring wear difficult cut much.
alert183960,txn10083960,suspicious_login,48:39.4,1,48:39.4,Theory factor local again practice focus.
alert194161,txn10094161,suspicious_login,01:12.3,1,01:12.3,Spring clear common peace.
alert190981,txn10090981,unusual_time,50:54.1,1,50:54.1,Simply else current hope.
alert187499,txn10087499,unusual_time,31:18.1,1,06:42.0,Talk voice camera sign to action.
alert170279,txn10070279,unusual_time,47:30.5,1,47:30.5,Machine various civil when so.
alert129641,txn10029641,unusual_time,56:09.5,1,56:09.5,Bag at owner affect none player.
alert109279,txn10009279,suspicious_login,26:49.0,0,,Worker trip recently much age method respond.
alert134892,txn10034892,unusual_amount,26:50.1,1,26:50.1,Center particular eight seek sure sea.
alert137894,txn10037894,suspicious_login,33:36.7,0,,Mention detail another movie test their yes sing.
alert134018,txn10034018,unusual_amount,50:35.1,1,50:35.1,Character space treatment owner many entire under detail.
alert145043,txn10045043,unusual_amount,57:01.8,1,57:01.8,Road management organization amount likely perform hard.
alert183445,txn10083445,suspicious_login,36:10.9,1,36:10.9,Require career mention anyone president.
alert153214,txn10053214,unusual_amount,12:17.3,1,12:17.3,Through money recent nothing save.
alert115224,txn10015224,unusual_time,12:08.0,1,12:08.0,Since professional need job part your.
alert106435,txn10006435,frequent_failure,31:24.4,1,31:24.4,Red matter answer be.
alert154510,txn10054510,frequent_failure,25:41.1,1,25:41.1,Too involve election money smile open cause.
alert161704,txn10061704,unusual_amount,24:09.1,0,,Drive hope artist better produce page.
alert170210,txn10070210,suspicious_login,37:46.3,1,37:46.3,Make side movie size make himself need either.
alert143629,txn10043629,suspicious_login,23:33.0,1,23:33.0,Start human in.
alert162523,txn10062523,unusual_time,06:23.8,1,06:23.8,Against bill her prove expect while conference where.
alert127065,txn10027065,unusual_amount,29:25.3,1,29:25.3,Beautiful stage structure rest.
alert136445,txn10036445,unusual_time,42:58.1,1,42:58.1,Claim guess because hand late.
alert169416,txn10069416,unusual_time,38:03.3,1,38:03.3,Create decision whole agree bank natural.
alert190174,txn10090174,unusual_amount,51:16.7,1,51:16.7,Political plan them former your.
alert179081,txn10079081,frequent_failure,44:47.7,1,44:47.7,Woman front space ten almost.
alert191763,txn10091763,unusual_amount,20:50.1,1,20:50.1,Remember forward main indeed talk leave.
alert195323,txn10095323,frequent_failure,03:40.1,1,03:40.1,Realize great here forget doctor wind.
alert171596,txn10071596,unusual_time,09:59.8,1,09:59.8,Seven hit relationship successful walk baby behavior state.
alert150888,txn10050888,frequent_failure,37:38.4,1,37:38.4,Cold out person stay story.
alert167772,txn10067772,suspicious_login,43:24.4,1,43:24.4,Itself concern rule.
alert156177,txn10056177,frequent_failure,19:11.0,1,19:11.0,Summer read raise risk likely network late.
alert171410,txn10071410,suspicious_login,28:00.9,0,,Tough mission series animal different condition.
alert138444,txn10038444,unusual_time,25:10.8,1,25:10.8,Piece consumer far find benefit measure pretty.
alert116362,txn10016362,suspicious_login,08:08.9,1,08:08.9,Everyone effect return.
alert132696,txn10032696,unusual_amount,33:35.6,1,33:35.6,Fact whom evening population thought.
alert105348,txn10005348,unusual_amount,50:04.9,1,50:04.9,Scientist seek push speech choose market perform.
alert106672,txn10006672,unusual_amount,30:26.1,1,30:26.1,Program they kitchen maybe wife activity.
alert152141,txn10052141,unusual_time,49:43.6,1,49:43.6,Military on share letter three.
alert160323,txn10060323,unusual_amount,41:13.9,1,41:13.9,High natural check major realize.
alert146369,txn10046369,frequent_failure,35:58.8,0,,Task glass purpose until cell those.
alert102687,txn10002687,frequent_failure,48:04.5,1,48:04.5,Site third firm food.
alert106088,txn10006088,unusual_amount,41:22.5,1,41:22.5,Old degree organization condition activity according see.
alert111616,txn10011616,unusual_time,39:06.2,1,39:06.2,Notice anything sport.
alert118167,txn10018167,suspicious_login,47:54.8,1,47:54.8,Edge agency have do.
alert149293,txn10049293,frequent_failure,51:06.0,1,51:06.0,Great when want conference head military.
alert114015,txn10014015,suspicious_login,07:21.1,1,07:21.1,Direction fly office character truth TV middle value.
alert198379,txn10098379,unusual_amount,07:12.5,1,07:12.5,Believe visit system view even.
alert184708,txn10084708,frequent_failure,20:50.7,1,20:50.7,Significant opportunity traditional those.
alert128232,txn10028232,frequent_failure,38:39.7,1,38:39.7,Practice anything act building national arm.
alert164204,txn10064204,frequent_failure,05:29.7,1,05:29.7,Commercial hand half success then.
alert172251,txn10072251,suspicious_login,00:05.9,1,00:05.9,Response nothing body adult finally a.
alert143886,txn10043886,unusual_amount,56:28.1,1,56:28.1,Between vote within individual pay.
alert104236,txn10004236,unusual_amount,40:36.5,1,40:36.5,Goal again agreement recognize increase you laugh administration.
alert182816,txn10082816,suspicious_login,50:09.1,1,50:09.1,Skin low girl poor figure.
alert105774,txn10005774,frequent_failure,51:45.1,1,51:45.1,Series significant policy but note cut appear.
alert149142,txn10049142,unusual_time,55:40.7,1,55:40.7,Mention whole indicate real truth.
alert102686,txn10002686,unusual_time,10:26.6,1,10:26.6,Stay nearly draw.
alert135050,txn10035050,suspicious_login,09:45.8,0,,Recognize unit car cell fear sea once.
alert197381,txn10097381,frequent_failure,59:06.3,1,59:06.3,Management blood reflect five impact.
alert189997,txn10089997,suspicious_login,07:37.8,1,07:37.8,Reach even interest suffer.
alert166207,txn10066207,suspicious_login,40:13.0,1,40:13.0,Son time stay put few indicate still officer.
alert135129,txn10035129,unusual_time,16:54.4,1,16:54.4,Player event save term condition.
alert156663,txn10056663,unusual_time,16:10.4,1,16:10.4,And they level product type.
alert127922,txn10027922,unusual_time,08:52.9,1,08:52.9,News less film perhaps event attention system.
alert123462,txn10023462,suspicious_login,12:14.3,1,12:14.3,Issue alone water generation eye air smile.
alert172914,txn10072914,frequent_failure,54:15.8,1,06:42.0,Mind clear go support language treat look.
alert199144,txn10099144,frequent_failure,07:11.9,1,07:11.9,Model able relationship note able establish.
alert123829,txn10023829,frequent_failure,11:25.5,1,11:25.5,Institution test dark memory.
alert143051,txn10043051,frequent_failure,45:40.3,1,45:40.3,Issue hard message situation energy lead hundred.
alert135154,txn10035154,frequent_failure,30:13.1,1,30:13.1,Describe enjoy movie water agency education physical.
alert153811,txn10053811,frequent_failure,38:11.4,1,38:11.4,North choice ask need space maybe media every.
alert178186,txn10078186,unusual_amount,03:11.2,1,03:11.2,Network father why population hear loss.
alert153822,txn10053822,frequent_failure,55:27.7,1,55:27.7,Cup cover choice and near.
alert152446,txn10052446,frequent_failure,13:16.5,1,13:16.5,Language add probably first.
alert160532,txn10060532,unusual_time,54:55.4,1,54:55.4,Left start base.
alert181110,txn10081110,unusual_time,35:59.1,1,35:59.1,Truth financial citizen either.
alert160084,txn10060084,unusual_time,45:44.4,1,45:44.4,Call space alone with enjoy might by agent.
alert141393,txn10041393,suspicious_login,42:32.1,0,,So your program probably manager citizen book process.
alert164965,txn10064965,unusual_time,11:22.4,0,,Key research audience deep pay western.
alert161001,txn10061001,suspicious_login,11:25.3,0,,Not him own night even.
alert160433,txn10060433,frequent_failure,23:18.7,1,23:18.7,Difficult system them more at without trial.
alert196682,txn10096682,unusual_time,33:20.4,1,33:20.4,Us year station get part.
alert147309,txn10047309,unusual_amount,20:59.1,1,20:59.1,Until usually deep successful sister require agent.
alert160725,txn10060725,frequent_failure,38:36.9,1,38:36.9,Way not home analysis might glass.
alert137076,txn10037076,suspicious_login,55:49.9,1,55:49.9,Somebody present maybe consumer project must.
alert137821,txn10037821,suspicious_login,22:41.4,0,,Look card record.
alert120317,txn10020317,unusual_time,00:04.7,1,00:04.7,Relationship across reality.
alert134797,txn10034797,suspicious_login,47:29.4,1,47:29.4,Region well head number 1.
alert152874,txn10052874,suspicious_login,33:18.9,1,33:18.9,Report set as also up.
alert196137,txn10096137,frequent_failure,39:21.3,1,39:21.3,Once practice pick.
alert117331,txn10017331,suspicious_login,22:07.3,0,,Suggest science necessary office.
alert188996,txn10088996,unusual_amount,38:19.5,1,38:19.5,Her former guy.
alert108544,txn10008544,frequent_failure,45:52.7,1,45:52.7,Successful plan season fine laugh store also.
alert144490,txn10044490,suspicious_login,41:51.4,1,41:51.4,Turn husband space early away.
alert123609,txn10023609,suspicious_login,52:20.0,0,,Movement very production you physical.
alert178741,txn10078741,suspicious_login,39:45.3,1,39:45.3,State test whole front.
alert165874,txn10065874,suspicious_login,17:03.3,0,,Discover tax another.
alert125536,txn10025536,unusual_time,52:38.4,1,52:38.4,Produce market establish firm public state us.
alert170584,txn10070584,frequent_failure,58:49.4,1,58:49.4,Can attorney data maybe which adult development point.
alert157768,txn10057768,suspicious_login,19:05.3,0,,Away successful one feel contain option.
alert196810,txn10096810,unusual_time,10:28.2,1,10:28.2,Catch market between house white.
alert153243,txn10053243,unusual_amount,57:15.5,1,57:15.5,Agent else trouble their officer.
alert183588,txn10083588,suspicious_login,34:27.4,1,34:27.4,Support really education husband hope cause beat.
alert125472,txn10025472,suspicious_login,28:34.0,0,,Continue pull know son exactly protect present prove.
alert119212,txn10019212,unusual_time,20:04.4,1,20:04.4,Must sister lot tree.
alert181670,txn10081670,frequent_failure,46:42.5,1,46:42.5,Long operation color over.
alert150901,txn10050901,unusual_amount,16:34.8,1,16:34.8,Create allow look room stand before.
alert108945,txn10008945,frequent_failure,10:10.6,1,10:10.6,Turn discuss leave still return big role happy.
alert175410,txn10075410,unusual_time,42:59.2,1,42:59.2,Continue great report stock foot store left.
alert160883,txn10060883,frequent_failure,58:14.5,1,58:14.5,Citizen decide challenge gas style cost.
alert192960,txn10092960,frequent_failure,14:07.2,1,14:07.2,Girl major radio effort consider attorney bar kind.
alert130733,txn10030733,unusual_time,07:38.4,1,07:38.4,Budget machine born which cost foreign policy form.
alert170947,txn10070947,unusual_time,30:32.1,1,30:32.1,Window four there bank.
alert154988,txn10054988,unusual_time,48:19.8,1,48:19.8,Network prepare five.
alert175970,txn10075970,frequent_failure,17:56.6,0,,Sell behind stock chance across though run either.
alert157810,txn10057810,unusual_amount,11:53.4,1,11:53.4,Black lawyer early strategy information ever.
alert131173,txn10031173,suspicious_login,14:47.7,1,14:47.7,Find answer drop assume.
alert107014,txn10007014,frequent_failure,15:38.5,1,15:38.5,Body maybe page onto mention.
alert176669,txn10076669,suspicious_login,04:43.9,1,04:43.9,Reduce early option common guess growth national.
alert108081,txn10008081,unusual_time,39:53.3,1,39:53.3,Front involve language realize clearly.
alert115445,txn10015445,frequent_failure,02:06.1,1,02:06.1,Wear human structure plan policy many seem.
alert162083,txn10062083,suspicious_login,15:43.4,1,15:43.4,Total partner space sea someone.
alert137222,txn10037222,frequent_failure,50:21.2,1,06:42.0,Inside suffer thus design give.
alert134932,txn10034932,suspicious_login,20:18.9,1,20:18.9,Want her customer successful type anything.
alert171625,txn10071625,unusual_time,24:05.4,1,24:05.4,Knowledge seat job even run maintain system.
alert108769,txn10008769,unusual_time,01:00.3,0,,Yet bank magazine.
alert176438,txn10076438,frequent_failure,38:27.9,1,38:27.9,Ability media treatment firm.
alert113367,txn10013367,suspicious_login,53:25.2,1,53:25.2,Born movie quality whole than.
alert126225,txn10026225,frequent_failure,42:25.3,1,42:25.3,Hair only avoid audience civil chance choose.
alert149193,txn10049193,suspicious_login,43:22.2,1,43:22.2,While address option future.
alert142317,txn10042317,suspicious_login,20:29.5,1,20:29.5,Herself though notice several miss manager.
alert128368,txn10028368,unusual_amount,40:07.0,1,40:07.0,Fact population claim real fund eight field role.
alert162375,txn10062375,unusual_amount,43:36.9,1,43:36.9,Many money wear.
alert149285,txn10049285,unusual_amount,58:41.9,1,58:41.9,Central yet town it door be.
alert178432,txn10078432,suspicious_login,46:52.9,1,46:52.9,Natural out start inside goal student hair.
alert133224,txn10033224,frequent_failure,48:18.6,1,48:18.6,Certain decide individual prevent guess.
alert199274,txn10099274,unusual_amount,46:39.7,1,46:39.7,Reduce shoulder should how few little part.
alert150111,txn10050111,suspicious_login,11:19.7,1,11:19.7,Then side herself everyone.
alert179792,txn10079792,frequent_failure,55:30.8,0,,Reveal involve eat necessary research turn address.
alert163679,txn10063679,unusual_amount,03:58.7,1,03:58.7,Possible skill side computer face.
alert169635,txn10069635,suspicious_login,51:15.4,1,51:15.4,Even behind pretty group TV soldier.
alert109438,txn10009438,frequent_failure,32:40.1,1,32:40.1,Hear cut east that teach yeah.
alert131259,txn10031259,frequent_failure,28:39.0,1,28:39.0,Company reason new staff.
alert118610,txn10018610,suspicious_login,40:24.5,1,40:24.5,Television nor thus thing.
alert174508,txn10074508,unusual_time,40:13.2,1,06:42.0,Piece clear late.
alert159859,txn10059859,frequent_failure,05:32.9,1,05:32.9,Operation exactly table bed arm cover.
alert175845,txn10075845,unusual_time,13:28.5,1,13:28.5,Maintain small serve daughter.
alert112680,txn10012680,unusual_time,01:42.2,1,01:42.2,Simply security support defense street whom our list.
alert103783,txn10003783,unusual_time,02:01.5,1,02:01.5,Financial though especially affect people.
alert109146,txn10009146,frequent_failure,07:22.0,1,07:22.0,Health my a form.
alert116144,txn10016144,unusual_amount,31:01.4,1,31:01.4,Southern plan leg party admit mean pretty need.
alert148570,txn10048570,frequent_failure,28:39.6,1,28:39.6,Particularly just just put worker owner.
alert146362,txn10046362,suspicious_login,23:14.3,1,23:14.3,Value public realize provide raise fine level.
alert127272,txn10027272,unusual_amount,55:29.4,1,55:29.4,Thus number program note ahead heavy responsibility.
alert155956,txn10055956,frequent_failure,15:26.9,1,15:26.9,Security operation charge get side.
alert177634,txn10077634,suspicious_login,55:48.8,1,55:48.8,Morning hard against quickly there skill.
alert160891,txn10060891,unusual_time,06:41.3,1,06:41.3,Improve yard success own carry know life.
alert196997,txn10096997,suspicious_login,04:07.6,1,04:07.6,Chair involve return a under lead.
alert143074,txn10043074,suspicious_login,40:41.6,1,40:41.6,High product event.
alert172825,txn10072825,frequent_failure,59:09.5,1,59:09.5,Man child sound.
alert188974,txn10088974,unusual_time,26:37.1,1,26:37.1,Me person citizen alone.
alert162427,txn10062427,unusual_amount,33:01.5,1,33:01.5,While force party friend heart.
alert141990,txn10041990,suspicious_login,40:01.5,1,40:01.5,Bill opportunity body common hotel challenge.
alert179871,txn10079871,unusual_amount,37:10.0,0,,Little ball successful successful agency.
alert193003,txn10093003,unusual_time,05:16.9,1,05:16.9,Standard consumer Mrs college middle region.
alert114499,txn10014499,suspicious_login,04:20.5,1,04:20.5,Meeting sport unit direction but budget road.
alert133148,txn10033148,suspicious_login,17:14.1,1,17:14.1,Detail far movement much.
alert141208,txn10041208,unusual_time,37:59.9,0,,Huge note different remember exist.
alert115059,txn10015059,frequent_failure,17:57.8,1,17:57.8,Goal opportunity now cause affect continue difference end.
alert146315,txn10046315,unusual_amount,11:59.4,1,11:59.4,Move medical modern family campaign rest.
alert122532,txn10022532,unusual_time,57:46.5,1,57:46.5,Will science represent century happy read weight.
alert188762,txn10088762,unusual_time,29:13.0,1,29:13.0,Manage affect Mr town discussion.
alert147033,txn10047033,unusual_time,21:47.2,1,21:47.2,Again baby activity to fast ago have.
alert171641,txn10071641,suspicious_login,42:23.4,1,42:23.4,Pattern similar enjoy too at fight.
alert174985,txn10074985,frequent_failure,22:48.6,1,22:48.6,Animal sea carry crime certain by player but.
alert165963,txn10065963,unusual_amount,36:36.3,1,36:36.3,Hotel catch where would.
alert106410,txn10006410,suspicious_login,16:22.2,1,16:22.2,Season spend save coach say staff card so.
alert194522,txn10094522,unusual_time,33:39.7,1,33:39.7,Adult law through wall fill start three.
alert102101,txn10002101,frequent_failure,18:48.0,1,18:48.0,Serious know water use cold sea dark.
alert143210,txn10043210,suspicious_login,34:13.2,1,34:13.2,Understand lead at still understand.
alert151441,txn10051441,suspicious_login,32:28.6,1,32:28.6,History hotel second result probably.
alert111723,txn10011723,suspicious_login,22:54.1,1,22:54.1,Camera significant question hospital upon clearly seat.
alert176076,txn10076076,frequent_failure,31:48.6,1,31:48.6,Seek admit culture activity economic wrong position lead.
alert167979,txn10067979,unusual_amount,19:58.6,1,19:58.6,Administration simply full cover.
alert160974,txn10060974,suspicious_login,06:03.5,1,06:03.5,Building western ever say.
alert189038,txn10089038,unusual_amount,02:34.1,1,02:34.1,Off during development involve situation bag.
alert147664,txn10047664,frequent_failure,40:22.5,1,40:22.5,Newspaper interview here owner go seven music.
alert110968,txn10010968,unusual_time,31:33.9,1,31:33.9,Teacher determine figure account white dog pull.
alert152067,txn10052067,unusual_time,04:01.2,0,,Get open while dream.
alert138742,txn10038742,frequent_failure,51:46.3,1,51:46.3,Loss fine interest state.
alert171936,txn10071936,unusual_amount,56:47.8,1,56:47.8,Throw best these view field.
alert162541,txn10062541,frequent_failure,25:54.3,1,25:54.3,Including meeting still.
alert173696,txn10073696,unusual_amount,43:17.0,1,43:17.0,Court its paper prepare where.
alert175802,txn10075802,unusual_time,13:00.5,0,,Tv allow southern blood tell.
alert130805,txn10030805,unusual_amount,39:15.9,1,39:15.9,Hour campaign never office herself probably rest.
alert125055,txn10025055,unusual_time,33:08.2,1,33:08.2,Plant during include service hospital say against.
alert189965,txn10089965,unusual_time,34:27.4,1,34:27.4,Standard away important first use run we.
alert100532,txn10000532,unusual_amount,29:28.5,1,29:28.5,Recognize find lawyer sea great candidate.
alert114720,txn10014720,unusual_amount,23:31.8,1,23:31.8,Simple color fill build.
alert150220,txn10050220,suspicious_login,52:28.0,1,52:28.0,Customer let cause consider.
alert145919,txn10045919,frequent_failure,22:23.7,1,22:23.7,Music inside international standard area specific black.
alert194832,txn10094832,unusual_time,50:17.6,1,50:17.6,Four probably according government provide.
alert180167,txn10080167,unusual_time,03:53.0,1,03:53.0,Build room play season lot cultural source.
alert118831,txn10018831,suspicious_login,34:29.2,1,34:29.2,Easy reflect few later job.
alert116734,txn10016734,unusual_time,33:29.9,1,33:29.9,Start color truth can program.
alert163475,txn10063475,unusual_time,16:25.9,1,16:25.9,Only drive bag seven let increase.
alert184139,txn10084139,unusual_time,55:22.7,1,55:22.7,Prepare until join him price role employee.
alert174369,txn10074369,unusual_amount,54:07.7,1,54:07.7,West mission work.
alert158014,txn10058014,suspicious_login,50:39.3,1,50:39.3,Wear already material summer year surface.
alert151290,txn10051290,suspicious_login,34:59.9,1,34:59.9,Throughout allow my cover by.
alert186039,txn10086039,unusual_time,35:23.6,0,,Society affect agree difficult day.
alert136800,txn10036800,unusual_amount,58:04.9,1,58:04.9,Sell dream situation fine program economy determine.
alert109995,txn10009995,suspicious_login,32:22.4,0,,Writer back event parent measure happy kind.
alert164790,txn10064790,unusual_amount,26:44.3,1,26:44.3,Like usually collection give author rich it.
alert181016,txn10081016,unusual_amount,09:09.4,1,09:09.4,Three thank it catch say course.
alert103317,txn10003317,suspicious_login,44:26.9,1,44:26.9,Growth camera power yourself strategy key here.
alert179368,txn10079368,unusual_time,21:03.2,1,21:03.2,Born later prepare exist difficult Congress road.
alert180149,txn10080149,unusual_time,27:14.6,1,27:14.6,Population field as amount easy voice.
alert162859,txn10062859,unusual_time,43:30.4,1,43:30.4,Center office growth great author.
alert131027,txn10031027,frequent_failure,13:56.6,0,,Two answer recently beyond.
alert167300,txn10067300,unusual_time,59:26.6,0,,Serious pretty task whose.
alert158446,txn10058446,unusual_time,12:23.3,1,12:23.3,Film nice special former important room point six.
alert157543,txn10057543,unusual_amount,50:26.8,1,50:26.8,Sit benefit ready table right year.
alert117942,txn10017942,unusual_amount,18:04.3,0,,Political partner public behavior food speech recent cut.
alert159023,txn10059023,unusual_time,27:38.7,1,27:38.7,Attack ahead compare miss call tough word.
alert140709,txn10040709,suspicious_login,43:44.4,0,,Food almost fact various if near front.
alert159167,txn10059167,unusual_amount,31:46.4,1,31:46.4,Chance grow laugh glass minute within think lawyer.
alert149969,txn10049969,frequent_failure,09:27.9,1,09:27.9,Own population represent.
alert144511,txn10044511,suspicious_login,05:22.5,1,05:22.5,Food several together along.
alert104989,txn10004989,suspicious_login,04:56.6,1,04:56.6,Few ground result then.
alert181952,txn10081952,frequent_failure,43:19.4,1,43:19.4,Situation arm recognize new.
alert112836,txn10012836,suspicious_login,55:43.0,1,55:43.0,What apply strategy pressure.
alert149572,txn10049572,frequent_failure,06:04.4,1,06:04.4,Drop level check letter bill mind instead really.
alert107963,txn10007963,unusual_amount,55:17.9,1,55:17.9,Congress much nation cup.
alert175880,txn10075880,suspicious_login,17:52.7,1,17:52.7,Practice next quality watch car real close camera.
alert127544,txn10027544,unusual_amount,58:07.9,0,,Indicate minute standard same.
alert187238,txn10087238,frequent_failure,34:41.2,1,34:41.2,Truth sport leg medical discover mention off think.
alert169497,txn10069497,frequent_failure,13:42.7,1,13:42.7,Goal fish much health various have option.
alert158210,txn10058210,unusual_amount,06:52.8,1,06:52.8,Hair reflect offer teacher soon beyond suffer.
alert194527,txn10094527,suspicious_login,09:57.4,1,09:57.4,Myself down sell reality.
alert119720,txn10019720,unusual_amount,34:43.8,1,34:43.8,Parent trouble morning son.
alert157357,txn10057357,frequent_failure,24:32.5,1,24:32.5,Choose image tend already response 1 reflect blue.
alert149918,txn10049918,unusual_time,17:59.0,1,17:59.0,Some compare show provide public.
alert168310,txn10068310,unusual_time,47:04.2,0,,Sort help size position window.
alert104125,txn10004125,suspicious_login,47:40.6,1,47:40.6,Soon local dinner sister will ask month.
alert178155,txn10078155,suspicious_login,28:36.6,1,28:36.6,Him focus management create main physical put friend.
alert149061,txn10049061,unusual_time,23:12.5,1,23:12.5,House area shake production song customer main.
alert189426,txn10089426,suspicious_login,00:43.2,1,00:43.2,Choose indicate send line play top quickly.
alert105364,txn10005364,unusual_time,48:47.3,0,,Beat compare message ball baby former simple green.
alert138128,txn10038128,suspicious_login,30:52.4,1,30:52.4,Music write answer later matter real past.
alert130148,txn10030148,unusual_time,01:29.3,1,01:29.3,Degree government although.
alert166019,txn10066019,unusual_time,54:23.3,0,,Matter still fear sister.
alert121517,txn10021517,suspicious_login,05:06.1,1,05:06.1,Standard finish bed early few prepare those hospital.
alert120176,txn10020176,unusual_amount,40:18.6,1,40:18.6,Success charge sound often.
alert178782,txn10078782,suspicious_login,23:28.9,1,23:28.9,Stuff room different.
alert193956,txn10093956,suspicious_login,39:23.0,1,39:23.0,Base analysis without agency.
alert186972,txn10086972,suspicious_login,34:35.8,1,34:35.8,Measure some collection worry music option different.
alert147886,txn10047886,unusual_time,55:57.3,0,,Occur the woman trade.
alert172724,txn10072724,unusual_time,59:49.4,0,,Consumer simply difference with.
alert174723,txn10074723,frequent_failure,17:33.4,1,17:33.4,Dog item car small.
alert145755,txn10045755,unusual_amount,57:30.0,1,57:30.0,Modern not game something never.
alert185775,txn10085775,frequent_failure,19:32.2,1,19:32.2,White until investment hot event water either somebody.
alert159662,txn10059662,frequent_failure,50:50.1,1,50:50.1,Rule save never small much stage.
alert193454,txn10093454,unusual_amount,24:01.9,1,24:01.9,This evidence nothing left important media.
alert106814,txn10006814,frequent_failure,05:59.9,1,05:59.9,Fine second after hospital sure.
alert111125,txn10011125,unusual_amount,44:19.9,1,44:19.9,Teacher hard public reason suffer notice.
alert180057,txn10080057,unusual_amount,07:38.6,1,07:38.6,Whole hear environment ready step.
alert169177,txn10069177,unusual_amount,39:36.2,1,39:36.2,Everyone friend including crime social and stage door.
alert104589,txn10004589,unusual_amount,25:33.6,1,25:33.6,Suggest of capital adult.
alert129210,txn10029210,frequent_failure,41:32.8,1,41:32.8,Human great natural while consider pattern although.
alert145088,txn10045088,frequent_failure,52:59.9,1,52:59.9,Fly music Mrs remember.
alert100665,txn10000665,unusual_time,20:02.2,1,20:02.2,Myself center east truth perhaps newspaper today.
alert145047,txn10045047,suspicious_login,37:37.5,1,37:37.5,Stay those show may hundred.
alert174356,txn10074356,frequent_failure,36:36.2,1,36:36.2,Particular lead floor almost write big.
alert102808,txn10002808,unusual_amount,25:30.5,0,,Walk school car lawyer develop since nature.
alert113124,txn10013124,frequent_failure,49:38.5,1,49:38.5,Different should pretty light season run teach.
alert182622,txn10082622,suspicious_login,18:51.4,1,18:51.4,Suggest political write need.
alert196623,txn10096623,unusual_time,33:08.8,1,33:08.8,Tell take vote.
alert199190,txn10099190,unusual_time,50:02.2,0,,Better because study know along return voice.
alert121256,txn10021256,unusual_time,52:04.1,1,52:04.1,Sport election amount begin.
alert178472,txn10078472,unusual_amount,43:31.2,1,43:31.2,Article case item attention event sister.
alert105651,txn10005651,suspicious_login,22:08.5,1,22:08.5,Treatment become hot term.
alert141786,txn10041786,unusual_time,13:09.0,1,13:09.0,Six action head hair nothing let low.
alert103374,txn10003374,suspicious_login,04:43.7,1,04:43.7,Family simply wife eye.
alert191027,txn10091027,unusual_amount,03:28.4,1,03:28.4,Song interesting radio manager teacher under black traditional.
alert164554,txn10064554,unusual_time,34:47.7,1,34:47.7,Let or start study especially.
alert127229,txn10027229,unusual_time,47:03.5,1,47:03.5,Issue the those who.
alert172502,txn10072502,unusual_amount,13:39.6,1,13:39.6,Art change south standard front husband.
alert108433,txn10008433,suspicious_login,30:19.6,1,06:42.1,Our church mouth yard dark.
alert147874,txn10047874,frequent_failure,59:55.2,1,59:55.2,Prove amount hand four time.
alert117888,txn10017888,frequent_failure,12:39.4,0,,Leave above play happy.
alert130208,txn10030208,unusual_time,04:08.1,1,06:42.1,Focus begin prevent history management.
alert112932,txn10012932,suspicious_login,48:06.6,1,48:06.6,Affect situation listen.
alert117424,txn10017424,unusual_amount,42:09.7,1,42:09.7,Wide sign similar risk piece wide.
alert120915,txn10020915,suspicious_login,09:03.1,1,09:03.1,Color college office long sea Mr wide.
alert155278,txn10055278,unusual_time,37:44.7,1,37:44.7,Total coach course exist.
alert198994,txn10098994,suspicious_login,53:45.0,1,53:45.0,Traditional suffer seat high.
alert181379,txn10081379,suspicious_login,38:20.9,1,38:20.9,Story position big.
alert113204,txn10013204,suspicious_login,16:20.2,1,16:20.2,Wife analysis seem oil another.
alert139707,txn10039707,suspicious_login,42:28.2,1,42:28.2,Soon analysis seven site produce scientist.
alert100235,txn10000235,unusual_amount,00:38.3,1,00:38.3,Now name ok but current religious.
alert168479,txn10068479,unusual_amount,28:58.1,0,,Character quickly impact own free move.
alert166371,txn10066371,suspicious_login,29:35.4,1,29:35.4,Board any create focus.
alert115287,txn10015287,suspicious_login,01:42.4,1,01:42.4,Process in begin agency.
alert120743,txn10020743,unusual_amount,05:48.9,1,05:48.9,Morning low guess director.
alert197121,txn10097121,unusual_time,16:41.9,1,16:41.9,Quite top Mr face head growth course member.
alert132024,txn10032024,unusual_time,02:13.9,1,02:13.9,Staff mean sea sure argue nor.
alert100777,txn10000777,unusual_time,59:48.3,1,59:48.3,Meet education sport sea.
alert112048,txn10012048,unusual_amount,17:13.4,1,06:42.1,Action writer remain through perhaps wind.
alert128803,txn10028803,unusual_amount,59:34.7,1,59:34.7,Remain become keep democratic three civil policy happy.
alert146616,txn10046616,unusual_amount,46:16.6,0,,Republican bag describe rule address write develop.
alert137644,txn10037644,suspicious_login,55:53.1,1,55:53.1,Food itself decade whatever hospital respond.
alert193609,txn10093609,unusual_time,14:53.1,1,14:53.1,Control positive writer article a training figure.
alert113884,txn10013884,unusual_amount,05:09.5,1,05:09.5,Less radio discuss.
alert130301,txn10030301,unusual_amount,45:04.4,0,,Son important cell stage four individual analysis.
alert158636,txn10058636,unusual_time,02:19.1,1,02:19.1,Type remember American economic activity.
alert176093,txn10076093,unusual_amount,15:44.8,1,15:44.8,Carry mention agent those administration fly party production.
alert186284,txn10086284,unusual_amount,29:10.6,1,29:10.6,Message son food war short key need front.
alert114925,txn10014925,unusual_time,00:58.3,1,00:58.3,American strategy process them maybe four.
alert155239,txn10055239,frequent_failure,15:40.0,1,15:40.0,Him economic girl ready last participant pay.
alert179078,txn10079078,frequent_failure,09:28.6,1,09:28.5,Fly weight ago recognize above raise plan.
alert135385,txn10035385,frequent_failure,01:17.9,1,01:17.9,Happy art behavior.
alert115074,txn10015074,unusual_amount,44:57.8,0,,Something within else find office authority politics.
alert149815,txn10049815,unusual_time,57:24.0,1,57:24.0,Which race move later rest operation leader.
alert179704,txn10079704,unusual_time,28:27.2,1,28:27.2,Him line particular organization against story bring.
alert117076,txn10017076,unusual_time,41:25.3,1,41:25.3,Crime deal begin last.
alert129573,txn10029573,suspicious_login,35:34.7,1,35:34.7,Firm cause wish debate maintain.
alert198662,txn10098662,unusual_amount,18:24.0,1,18:24.0,Drop seek find purpose become about note.
alert112746,txn10012746,unusual_amount,35:56.2,1,35:56.2,Type bad care director while.
alert181833,txn10081833,frequent_failure,41:29.0,0,,Exist fly significant piece benefit image air.
alert160524,txn10060524,suspicious_login,54:19.8,1,54:19.8,Marriage plant science production.
alert191644,txn10091644,unusual_time,43:50.4,0,,Magazine road soon.
alert120794,txn10020794,frequent_failure,28:02.3,1,28:02.3,Suffer here thus five.
alert107192,txn10007192,unusual_time,26:55.2,0,,Toward seat health grow.
alert108168,txn10008168,unusual_amount,53:32.3,1,53:32.3,Kid probably effort run rest table country sister.
alert126431,txn10026431,unusual_amount,16:31.3,1,16:31.3,Score special really resource month.
alert185700,txn10085700,suspicious_login,57:02.4,1,57:02.4,Address manager she cold range.
alert102689,txn10002689,unusual_amount,37:15.2,1,37:15.2,Talk available why property.
alert153728,txn10053728,unusual_time,00:37.5,1,00:37.5,Goal myself commercial Republican item like remain floor.
alert199123,txn10099123,frequent_failure,13:42.4,1,13:42.4,Southern professional well.
alert126804,txn10026804,frequent_failure,33:04.3,1,33:04.3,Main should fly which system.
alert192492,txn10092492,unusual_time,57:11.1,1,57:11.1,Investment movement image better.
alert196648,txn10096648,suspicious_login,28:04.4,1,28:04.4,Quite fly those officer hospital no site.
alert141060,txn10041060,unusual_amount,58:10.0,1,58:10.0,Various Mrs college see.
alert136318,txn10036318,suspicious_login,22:52.3,1,22:52.3,He them place man those expect.
alert131947,txn10031947,suspicious_login,04:12.2,0,,Include pretty bring hot drug factor they.
alert197578,txn10097578,suspicious_login,46:52.9,1,46:52.9,Next doctor despite democratic contain player.
alert171612,txn10071612,unusual_amount,43:46.7,1,43:46.7,Let through region sit.
alert120044,txn10020044,unusual_time,43:39.5,1,43:39.5,For reduce opportunity yes.
alert137883,txn10037883,unusual_amount,49:53.3,0,,Card name teach dream.
alert118824,txn10018824,unusual_amount,54:31.5,1,54:31.5,West child popular stuff remain conference.
alert181940,txn10081940,suspicious_login,21:17.1,1,21:17.1,Already improve behind despite mission.
alert190736,txn10090736,unusual_time,05:28.3,1,05:28.3,Rock some again job statement democratic number.
alert100022,txn10000022,frequent_failure,15:37.1,1,15:37.1,Career including meet defense.
alert140882,txn10040882,unusual_amount,24:14.1,1,24:14.1,Among recent sister establish.
alert139548,txn10039548,unusual_time,18:56.7,1,18:56.7,West study free rise.
alert117727,txn10017727,suspicious_login,56:47.9,1,56:47.9,Ask campaign understand the middle play personal change.
alert129789,txn10029789,unusual_time,45:15.2,1,45:15.2,Purpose 1 during knowledge mouth animal draw.
alert182415,txn10082415,frequent_failure,50:17.2,1,50:17.2,Whether world threat show standard international.
alert106191,txn10006191,suspicious_login,08:19.6,1,08:19.6,Research more mouth next have.
alert153589,txn10053589,suspicious_login,42:14.0,1,42:14.0,Hospital happen anything feel require sister.
alert127475,txn10027475,unusual_amount,34:12.8,1,34:12.8,Course various mind here production base.
alert117014,txn10017014,unusual_amount,44:58.7,1,44:58.7,Manage tell contain lead.
alert160280,txn10060280,suspicious_login,55:46.2,1,55:46.2,Mean there marriage you relationship sound feel.
alert181652,txn10081652,unusual_amount,41:29.5,1,41:29.5,Fear address sit scientist much system person.
alert109977,txn10009977,unusual_amount,34:42.3,0,,National inside guy kind become only.
alert145297,txn10045297,suspicious_login,48:17.2,1,48:17.2,Goal more rest foot.
alert101859,txn10001859,unusual_time,50:28.7,1,06:42.1,Production medical service none defense fish best.
alert121020,txn10021020,suspicious_login,38:49.0,1,38:49.0,Information senior fast yes each partner record great.
alert177636,txn10077636,frequent_failure,25:14.3,1,25:14.3,Pattern do commercial continue.
alert179788,txn10079788,suspicious_login,18:14.8,1,18:14.8,Understand modern approach picture ask art onto.
alert157179,txn10057179,unusual_amount,01:14.5,1,01:14.5,Music rise piece think.
alert188875,txn10088875,suspicious_login,25:39.3,0,,Drive which put task people sign consumer source.
alert187208,txn10087208,unusual_amount,29:17.9,1,29:17.9,Marriage lead draw exist travel him important.
alert130538,txn10030538,frequent_failure,39:07.8,1,39:07.8,Can within ago word anyone time.
alert182183,txn10082183,unusual_time,02:00.6,1,02:00.6,Sound move particularly smile age herself the.
alert148481,txn10048481,unusual_amount,20:30.0,1,06:42.1,Another report never drug own art.
alert114525,txn10014525,unusual_amount,52:08.2,1,52:08.2,Partner however improve.
alert115228,txn10015228,unusual_amount,03:55.3,0,,Throw oil environment mother watch.
alert132608,txn10032608,unusual_time,14:22.2,1,14:22.2,Hit walk name Mrs center wide begin.
alert172235,txn10072235,suspicious_login,06:54.6,1,06:54.6,Manage choice around order director mouth seem.
alert107369,txn10007369,unusual_time,54:38.9,0,,Set see writer those together training thought how.
alert148443,txn10048443,unusual_time,36:49.2,1,36:49.2,Record whom send month maybe decade machine.
alert116724,txn10016724,suspicious_login,02:06.7,1,02:06.7,Major part pass.
alert195453,txn10095453,frequent_failure,43:34.9,1,43:34.9,Door success production.
alert131022,txn10031022,suspicious_login,43:38.7,1,43:38.7,Report central cause cover.
alert136228,txn10036228,frequent_failure,16:13.6,0,,Mouth describe relate economy.
alert120835,txn10020835,frequent_failure,04:37.7,1,04:37.7,Already government until order it media.
alert149282,txn10049282,frequent_failure,37:45.6,1,37:45.6,Wind development author instead old near tell treat.
alert184088,txn10084088,frequent_failure,18:57.0,1,18:57.0,Head year ability town.
alert198440,txn10098440,suspicious_login,37:43.2,1,37:43.2,Vote your defense leader.
alert156519,txn10056519,suspicious_login,40:07.6,1,40:07.6,Catch at newspaper others stuff final statement.
alert117471,txn10017471,suspicious_login,22:15.4,1,22:15.4,First former order.
alert154266,txn10054266,unusual_time,37:14.9,1,37:14.9,Form describe family area green room despite.
alert163319,txn10063319,unusual_amount,37:25.2,1,37:25.2,College night enjoy make.
alert199296,txn10099296,unusual_amount,28:08.3,1,28:08.3,Wait ball hotel region wind charge according western.
alert102165,txn10002165,frequent_failure,06:38.7,1,06:38.7,Attack bring camera foreign our later.
alert194220,txn10094220,unusual_time,09:22.9,1,09:23.0,Cup serious food middle.
alert189834,txn10089834,suspicious_login,35:04.4,1,35:04.4,Also rock design your industry police kid.
alert140119,txn10040119,suspicious_login,32:14.1,1,32:14.1,Computer soon ball account.
alert151838,txn10051838,unusual_time,45:35.9,1,45:35.9,Clearly material seem to by.
alert104060,txn10004060,suspicious_login,43:06.3,1,43:06.3,For meet apply perhaps physical.
alert121535,txn10021535,frequent_failure,50:02.6,1,50:02.6,Very man explain.
alert135498,txn10035498,frequent_failure,38:37.0,1,38:37.0,Eat entire break debate talk.
alert166838,txn10066838,suspicious_login,51:53.1,1,51:53.1,Read suggest company world gas.
alert105329,txn10005329,unusual_time,51:59.8,1,51:59.8,Sister interest skin coach including.
alert130483,txn10030483,suspicious_login,09:06.5,1,09:06.5,Outside arm decade.
alert153774,txn10053774,unusual_amount,18:04.0,1,18:04.0,Front play spend list.
alert169725,txn10069725,suspicious_login,16:53.8,1,16:53.8,House leg cold myself.
alert111168,txn10011168,frequent_failure,25:24.4,0,,Find word carry smile somebody city.
alert134231,txn10034231,frequent_failure,50:23.6,1,50:23.6,Sell stand remember sea important professor.
alert141510,txn10041510,unusual_time,26:09.2,0,,Nothing factor to we measure phone.
alert185986,txn10085986,suspicious_login,00:19.5,1,00:19.5,Model that could.
alert140060,txn10040060,suspicious_login,20:34.3,0,,Should leave opportunity it ground.
alert159211,txn10059211,frequent_failure,13:48.7,1,13:48.7,All word eye marriage central.
alert183829,txn10083829,unusual_time,14:38.4,1,14:38.4,Those war business.
alert154004,txn10054004,unusual_time,49:43.1,1,49:43.1,Support long him theory.
alert122911,txn10022911,unusual_amount,43:23.9,1,43:23.9,Cold view 1 significant simple investment.
alert148750,txn10048750,unusual_amount,47:49.2,1,47:49.2,Specific he green identify piece model.
alert169033,txn10069033,frequent_failure,50:14.5,1,50:14.5,Industry risk boy worry structure situation.
alert195431,txn10095431,frequent_failure,29:34.5,1,29:34.5,Pretty range three camera raise since attack.
alert191167,txn10091167,unusual_time,12:30.6,1,12:30.6,Management major writer agree.
alert111475,txn10011475,unusual_time,57:46.8,1,57:46.8,Area project sign thank.
alert149122,txn10049122,frequent_failure,09:46.4,1,09:46.4,Cut difference may relate rest different light.
alert140261,txn10040261,unusual_time,10:55.9,1,10:55.9,Beat entire man be person white.
alert165349,txn10065349,unusual_amount,53:46.2,1,53:46.2,Kid general however president management response.
alert116920,txn10016920,suspicious_login,40:19.6,1,40:19.6,Enough expect growth news.
alert167531,txn10067531,suspicious_login,30:02.7,1,30:02.7,Director measure speak number prepare end.
alert164318,txn10064318,unusual_time,07:21.2,1,07:21.2,Contain area will fish at.
alert179773,txn10079773,frequent_failure,35:22.6,1,35:22.6,Difference recognize letter pass look mind.
alert127823,txn10027823,suspicious_login,50:39.0,1,50:39.0,After father physical discussion fish sport.
alert175006,txn10075006,unusual_amount,03:48.0,1,03:48.0,Remember each leader speech kind first.
alert138049,txn10038049,frequent_failure,47:22.3,1,47:22.3,Always own represent would impact.
alert121580,txn10021580,frequent_failure,58:34.8,1,58:34.8,Activity section live fight.
alert127984,txn10027984,unusual_amount,57:19.9,1,57:19.9,Reach group should seat.
alert148490,txn10048490,suspicious_login,30:36.6,1,06:42.1,Perform find strong help affect turn whole.
alert149088,txn10049088,suspicious_login,28:05.1,1,28:05.1,Writer better difficult.
alert181549,txn10081549,frequent_failure,51:53.0,1,51:53.0,Enjoy baby lose campaign fund film.
alert113958,txn10013958,unusual_time,47:52.6,1,47:52.6,Note home trial director success you.
alert115129,txn10015129,frequent_failure,25:25.5,0,,Culture among see those still.
alert122226,txn10022226,suspicious_login,02:41.1,1,02:41.1,Center actually white senior.
alert131151,txn10031151,frequent_failure,08:13.0,1,08:13.0,Education serious science.
alert148317,txn10048317,frequent_failure,54:17.7,1,54:17.7,Real itself leave population country.
alert144426,txn10044426,unusual_amount,29:56.4,1,29:56.4,Choose in pretty group.
alert145583,txn10045583,unusual_time,03:44.1,1,03:44.1,She occur several threat light good.
alert102226,txn10002226,unusual_amount,35:23.7,1,35:23.7,Wonder face century upon key.
alert149990,txn10049990,suspicious_login,55:39.1,1,55:39.1,Republican church ground us west experience understand political.
alert103252,txn10003252,unusual_amount,20:39.7,1,20:39.7,Officer whom whether bed figure pattern surface.
alert127238,txn10027238,frequent_failure,25:21.1,1,06:42.1,Sound easy white somebody how determine enjoy.
alert171789,txn10071789,unusual_amount,41:08.9,1,41:08.9,Family institution election also.
alert195642,txn10095642,unusual_time,42:44.4,1,42:44.4,Back top respond reflect.
alert112566,txn10012566,frequent_failure,40:03.7,1,40:03.7,Find relate story.
alert129704,txn10029704,unusual_amount,59:32.8,1,59:32.8,Provide model position catch book prevent impact.
alert132324,txn10032324,unusual_amount,22:21.1,1,06:42.1,Treat party government from not care seem million.
alert154725,txn10054725,unusual_amount,30:08.4,1,30:08.4,Available least remember carry black or picture.
alert128260,txn10028260,frequent_failure,32:07.6,1,32:07.6,Voice while knowledge piece daughter owner baby major.
alert132000,txn10032000,suspicious_login,25:09.4,1,25:09.4,Street cover answer early measure mouth.
alert121878,txn10021878,unusual_amount,12:22.2,1,12:22.2,Research generation 1 news.
alert179730,txn10079730,unusual_amount,31:41.7,1,31:41.7,Away fine kind report free.
alert199662,txn10099662,unusual_amount,03:32.5,1,03:32.5,None pressure nothing large.
alert134261,txn10034261,frequent_failure,43:59.8,1,43:59.8,Point resource range product occur entire.
alert140818,txn10040818,frequent_failure,20:28.1,1,20:28.1,Career matter decision environment understand treatment hospital.
alert174154,txn10074154,frequent_failure,10:46.7,1,10:46.7,Civil top summer by certain.
alert180917,txn10080917,frequent_failure,28:15.2,1,28:15.2,Add ever significant.
alert122799,txn10022799,frequent_failure,46:46.0,1,46:46.0,Provide success best support husband field little our.
alert136679,txn10036679,frequent_failure,01:53.0,1,01:53.0,Special prevent in network position.
alert175398,txn10075398,frequent_failure,10:47.7,1,10:47.7,Team mouth garden here.
alert179847,txn10079847,frequent_failure,35:57.3,1,35:57.3,Kitchen four impact thus.
alert147681,txn10047681,unusual_time,23:00.2,1,23:00.2,Real the serve however information member industry.
alert191091,txn10091091,unusual_amount,36:19.8,0,,Let although leave reveal soldier listen green.
alert162386,txn10062386,unusual_amount,55:13.5,1,55:13.5,Respond rate order.
alert146733,txn10046733,frequent_failure,10:35.0,1,10:35.0,About ok management international far have baby produce.
alert101022,txn10001022,unusual_time,57:01.3,1,57:01.3,Serious mind attack business.
alert142569,txn10042569,suspicious_login,53:41.6,1,53:41.6,Recent job explain draw check.
alert144851,txn10044851,frequent_failure,57:51.5,1,57:51.5,Little more skin.
alert131810,txn10031810,frequent_failure,33:07.3,1,33:07.3,Employee none name face actually knowledge wide bill.
alert161432,txn10061432,frequent_failure,00:55.5,1,00:55.5,Baby brother ground fill far resource owner.
alert160551,txn10060551,frequent_failure,48:32.0,0,,Despite prepare open especially.
alert133897,txn10033897,unusual_amount,20:12.7,1,20:12.7,Go people view building surface standard garden.
alert162124,txn10062124,suspicious_login,02:57.3,1,02:57.3,Prove left blue build.
alert131673,txn10031673,suspicious_login,42:28.9,1,42:28.9,Lose manager what piece rich nature season.
alert110166,txn10010166,unusual_amount,50:23.3,0,,Rise surface section eight their.
alert114218,txn10014218,unusual_amount,51:12.2,1,51:12.2,Game skin whether as property follow.
alert196616,txn10096616,suspicious_login,45:12.5,1,45:12.5,Know simple player tell I catch.
alert172981,txn10072981,unusual_time,24:56.9,1,24:56.9,History identify town prove subject.
alert120371,txn10020371,frequent_failure,51:10.5,0,,Physical actually staff first.
alert131496,txn10031496,unusual_time,53:13.0,1,53:13.0,Possible large peace second as its.
alert101333,txn10001333,unusual_amount,53:51.4,1,53:51.4,Song back someone training.
alert110062,txn10010062,frequent_failure,58:25.0,1,58:25.0,Daughter more interesting red politics painting.
alert143461,txn10043461,suspicious_login,51:49.7,0,,Discover yourself up professor.
alert117053,txn10017053,suspicious_login,19:44.5,1,19:44.5,Which method thing will capital in.
alert193576,txn10093576,unusual_amount,47:24.9,1,47:24.9,Mr our leader into significant agency because region.
alert160124,txn10060124,unusual_time,04:43.9,1,04:43.9,Time apply reduce east top.
alert192638,txn10092638,suspicious_login,37:38.8,0,,Say run staff baby positive have.
alert127696,txn10027696,frequent_failure,32:37.1,1,32:37.1,Or peace political.
alert177495,txn10077495,unusual_time,33:32.5,1,33:32.5,Tough sense fire bed book.
alert126702,txn10026702,suspicious_login,36:16.6,1,36:16.6,End by hand degree prevent someone.
alert172099,txn10072099,frequent_failure,23:19.9,1,23:19.9,Police I everything.
alert104112,txn10004112,unusual_amount,47:55.5,1,47:55.5,Yet left relate note phone.
alert158249,txn10058249,suspicious_login,22:52.2,1,22:52.2,College type kitchen concern recent cause.
alert102752,txn10002752,unusual_time,24:53.9,1,24:53.9,Wear treatment mother those another stage.
alert150996,txn10050996,unusual_amount,33:35.3,1,33:35.3,Realize order another development woman toward.
alert160811,txn10060811,unusual_amount,11:16.4,1,11:16.4,Future town natural.
alert181678,txn10081678,unusual_amount,57:33.6,1,57:33.6,Central set however himself.
alert171400,txn10071400,unusual_amount,19:21.0,1,19:21.0,Quickly who cut forward light.
alert104856,txn10004856,unusual_amount,34:22.2,0,,Grow long seven last glass.
alert191068,txn10091068,unusual_amount,01:50.2,1,01:50.2,Whole camera employee drive.
alert161108,txn10061108,unusual_amount,01:27.2,1,01:27.2,Everything order either movie claim.
alert159052,txn10059052,frequent_failure,45:14.4,1,45:14.4,Road agree former without.
alert185971,txn10085971,unusual_amount,18:32.4,1,18:32.4,Letter four war.
alert175136,txn10075136,unusual_time,01:33.4,1,01:33.4,Market hard since story make manager star instead.
alert178861,txn10078861,frequent_failure,37:23.9,1,37:23.9,Sense special prepare surface trouble.
alert182318,txn10082318,unusual_time,02:58.6,1,02:58.6,Probably simple relate minute reflect how.
alert145828,txn10045828,frequent_failure,25:07.3,1,06:42.1,Difference three seven run card.
alert192701,txn10092701,unusual_time,19:18.4,1,19:18.4,Close however could scene side industry.
alert165729,txn10065729,frequent_failure,26:29.3,1,26:29.3,Or name those sport.
alert174265,txn10074265,unusual_amount,01:47.1,1,01:47.1,Student report professional former hotel.
alert184353,txn10084353,frequent_failure,06:41.9,1,06:41.9,Yeah interesting idea interesting body right forget.
alert152502,txn10052502,unusual_amount,05:47.8,1,05:47.8,Sport natural book federal step section.
alert185519,txn10085519,unusual_time,19:09.7,1,19:09.7,Identify magazine low military recognize.
alert108043,txn10008043,unusual_amount,35:17.5,1,35:17.5,Not all board.
alert162432,txn10062432,suspicious_login,25:57.0,1,25:57.0,Industry strong officer sit.
alert155281,txn10055281,unusual_time,04:45.5,1,04:45.5,Old new pick heart.
alert134053,txn10034053,frequent_failure,37:26.3,1,37:26.3,Painting foot there time leg reveal within assume.
alert172038,txn10072038,unusual_amount,28:11.0,1,28:11.0,Door hit strategy story month.
alert188869,txn10088869,unusual_time,42:45.5,0,,War study experience likely way alone think.
alert191331,txn10091331,suspicious_login,49:22.3,1,49:22.3,Commercial debate social girl.
alert114127,txn10014127,unusual_time,16:21.3,1,16:21.3,Each interview lose land day degree science.
alert195977,txn10095977,unusual_amount,37:40.1,1,37:40.1,Cover believe tonight talk star onto phone doctor.
alert100773,txn10000773,suspicious_login,48:50.6,1,48:50.6,Kid night car trouble role public tonight.
alert160177,txn10060177,suspicious_login,36:17.5,1,36:17.5,Important early tend tell involve.
alert175291,txn10075291,suspicious_login,03:35.6,1,03:35.6,Citizen hotel part.
alert193036,txn10093036,frequent_failure,30:30.2,1,30:30.2,Protect up brother.
alert191184,txn10091184,unusual_amount,44:29.4,1,44:29.4,Key cultural book.
alert148782,txn10048782,unusual_time,46:15.1,1,46:15.1,Nothing all mind sea no.
alert138702,txn10038702,unusual_amount,58:34.6,0,,Visit employee nor how gun eye view power.
alert106973,txn10006973,frequent_failure,09:34.4,1,09:34.4,Participant eye serious street enjoy and customer.
alert142295,txn10042295,frequent_failure,37:45.3,1,37:45.3,Occur hold husband picture least though only.
alert194680,txn10094680,suspicious_login,24:14.0,1,24:14.0,Church attorney matter foreign.
alert180307,txn10080307,unusual_time,57:27.0,1,57:27.0,Possible result stage break structure beautiful at.
alert110252,txn10010252,suspicious_login,03:18.4,1,03:18.4,Hair money speak agreement better to.
alert176556,txn10076556,suspicious_login,33:44.2,0,,Cause care administration computer special.
alert155951,txn10055951,frequent_failure,31:52.5,1,31:52.5,View yard color help tend degree.
alert173176,txn10073176,suspicious_login,24:29.8,1,06:42.1,Car particular create blood entire probably.
alert104255,txn10004255,unusual_time,31:14.0,1,31:14.0,Technology live let none.
alert144666,txn10044666,suspicious_login,34:48.5,1,34:48.5,The design class allow write.
alert114757,txn10014757,suspicious_login,14:27.3,0,,Season name interest before lawyer assume.
alert196297,txn10096297,unusual_amount,15:31.0,1,15:31.0,Role whether direction yourself reason.
alert168680,txn10068680,unusual_amount,22:23.9,1,22:23.9,Respond head economic teacher.
alert167791,txn10067791,unusual_amount,35:04.1,1,35:04.1,Physical kid whole old fall make.
alert142646,txn10042646,suspicious_login,47:30.1,1,47:30.1,My over your dog democratic executive.
alert149387,txn10049387,frequent_failure,19:11.3,0,,Hour side resource want some consumer capital.
alert173515,txn10073515,unusual_time,11:11.8,1,11:11.8,Lay teacher sign pressure responsibility throughout.
alert158876,txn10058876,suspicious_login,55:51.5,0,,Speech traditional because sometimes war rate budget program.
alert102374,txn10002374,suspicious_login,36:10.6,1,36:10.6,Cultural while war direction join either.
alert172855,txn10072855,frequent_failure,01:26.3,1,06:42.1,Upon fact late I couple.
alert163887,txn10063887,unusual_time,26:00.8,1,26:00.8,Beautiful film community once husband majority.
alert186120,txn10086120,suspicious_login,13:01.8,1,13:01.8,Approach sport collection senior.
alert188855,txn10088855,unusual_amount,16:48.7,1,16:48.7,Month city color discover community.
alert126472,txn10026472,suspicious_login,31:36.1,1,31:36.1,Sell lay half particular.
alert185338,txn10085338,unusual_amount,44:23.3,1,44:23.3,Great customer away want while cup.
alert176018,txn10076018,unusual_time,15:27.6,1,15:27.6,Serious dream operation force serve guess share.
alert123633,txn10023633,frequent_failure,43:23.3,1,43:23.3,Off knowledge live security top bag.
alert180556,txn10080556,suspicious_login,05:25.0,1,05:25.0,Laugh serious nature health.
alert150107,txn10050107,suspicious_login,34:57.5,1,34:57.5,South on play whatever civil.
alert141667,txn10041667,frequent_failure,07:55.5,1,07:55.5,Nice your voice drive can institution three leg.
alert128779,txn10028779,frequent_failure,44:42.8,1,44:42.8,Cause entire act century claim that.
alert105960,txn10005960,frequent_failure,51:34.5,1,51:34.5,Each standard staff myself significant.
alert160283,txn10060283,unusual_amount,46:38.3,1,46:38.3,Successful public change expect need spring.
alert190096,txn10090096,unusual_time,07:16.2,1,07:16.2,Itself green student unit.
alert174844,txn10074844,unusual_amount,27:33.6,1,27:33.6,Mother strong memory no be born.
alert198958,txn10098958,frequent_failure,36:54.7,1,36:54.7,Woman family poor deep country color its.
alert149258,txn10049258,unusual_time,28:17.0,1,28:17.0,Class far my maybe.
alert150014,txn10050014,frequent_failure,16:23.5,1,16:23.5,Feel fine dinner simply point soldier drop.
alert135705,txn10035705,unusual_time,40:24.9,1,40:24.9,Method fall today real item off page kind.
alert103344,txn10003344,frequent_failure,30:21.7,1,30:21.7,Range source store site education enough drug.
alert138071,txn10038071,unusual_time,04:01.9,1,04:01.9,Game season me property.
alert116753,txn10016753,suspicious_login,06:39.2,1,06:39.2,Least every like political far summer name hospital.
alert100052,txn10000052,suspicious_login,00:25.2,0,,Letter support standard glass decide.
alert141201,txn10041201,frequent_failure,15:06.2,1,15:06.2,Close test during down fill development firm.
alert197796,txn10097796,suspicious_login,08:18.4,1,08:18.4,Soldier old whom.
alert107228,txn10007228,suspicious_login,49:19.8,1,49:19.8,Service might my.
alert137236,txn10037236,frequent_failure,44:19.9,0,,Speech hot top mother these.
alert172607,txn10072607,suspicious_login,14:32.1,1,14:32.1,Data bring there see officer member allow window.
alert149129,txn10049129,unusual_time,35:21.0,1,35:21.0,Our speak until charge floor.
alert156712,txn10056712,unusual_time,21:50.2,1,21:50.2,Girl during traditional discuss sea environmental want.
alert177382,txn10077382,unusual_amount,48:53.9,1,06:42.1,Save animal white culture.
alert109661,txn10009661,unusual_amount,16:06.8,1,16:06.8,Yes truth piece prevent.
alert122767,txn10022767,unusual_amount,53:44.2,1,53:44.2,Heavy significant trial away pattern.
alert107966,txn10007966,suspicious_login,44:55.5,1,44:55.5,Final poor speak center rate but recognize.
alert152425,txn10052425,unusual_amount,45:30.6,0,,Onto political right important strong our make.
alert154636,txn10054636,frequent_failure,40:09.0,1,40:09.0,Forward guess yeah stand eight.
alert165851,txn10065851,frequent_failure,17:47.3,1,17:47.3,Why government crime mention join improve.
alert178354,txn10078354,unusual_amount,17:15.5,1,17:15.5,Show beautiful human let much class both.
alert104162,txn10004162,frequent_failure,07:42.3,1,07:42.3,Culture eat concern for key mean hour.
alert194042,txn10094042,unusual_time,19:29.2,1,19:29.2,Sure major smile from new rest parent.
alert171897,txn10071897,unusual_time,39:19.7,1,39:19.7,Place improve structure.
alert175043,txn10075043,frequent_failure,43:38.0,1,43:38.0,Base might position hundred.
alert150962,txn10050962,frequent_failure,17:21.2,0,,Hundred occur quite scene.
alert121118,txn10021118,suspicious_login,53:44.8,1,53:44.8,Not discussion anyone wind assume tell.
alert114256,txn10014256,unusual_time,50:48.4,1,50:48.4,Nation around garden certain.
alert126598,txn10026598,frequent_failure,43:54.7,1,43:54.7,Shake character run president hear rich deal.
alert135884,txn10035884,frequent_failure,46:26.4,1,46:26.4,Piece move pay without.
alert178108,txn10078108,unusual_amount,37:22.2,0,,Soldier spring black citizen language worry.
alert189115,txn10089115,unusual_time,51:32.2,0,,Others business so letter.
alert130211,txn10030211,unusual_time,39:18.5,1,39:18.5,Prove ability despite protect food fund go.
alert120129,txn10020129,unusual_amount,43:07.7,1,43:07.7,Learn generation reduce one.
alert151498,txn10051498,unusual_amount,06:20.7,1,06:20.7,Girl prepare sort population population person.
alert107841,txn10007841,unusual_time,46:25.8,1,46:25.8,Produce trial among discuss.
alert176447,txn10076447,suspicious_login,52:57.7,1,52:57.7,Often behavior improve that.
alert172123,txn10072123,frequent_failure,19:55.6,1,19:55.6,Like exist bring dog people room.
alert162773,txn10062773,unusual_time,05:08.3,1,05:08.3,Catch season college approach memory.
alert114713,txn10014713,suspicious_login,47:28.0,1,47:28.0,Forget character least toward wait nothing strong.
alert151236,txn10051236,suspicious_login,52:42.0,0,,Health ready responsibility they college pretty since.
alert133530,txn10033530,suspicious_login,18:55.3,1,18:55.3,Raise need option do past despite pattern oil.
alert140826,txn10040826,unusual_amount,28:18.0,1,28:18.0,Cover have prevent else.
alert162453,txn10062453,unusual_time,02:01.9,1,02:01.9,Sure parent deal air write free.
alert192203,txn10092203,unusual_time,20:05.0,1,20:05.0,Receive whether even final impact.
alert152603,txn10052603,frequent_failure,31:55.1,1,31:55.1,Long return message never environmental.
alert163592,txn10063592,unusual_time,58:20.3,1,58:20.3,Military character out better class check more.
alert131592,txn10031592,frequent_failure,53:38.5,1,53:38.5,Return century pretty gas my far back affect.
alert144759,txn10044759,frequent_failure,15:36.2,0,,Rock interview crime sort.
alert129000,txn10029000,frequent_failure,16:10.8,1,16:10.8,Concern line kind stock beautiful.
alert192051,txn10092051,unusual_amount,24:38.2,1,24:38.2,City security daughter media.
alert115741,txn10015741,unusual_amount,17:56.9,1,17:56.9,Clearly shake environmental suggest even who.
alert198285,txn10098285,unusual_time,37:44.5,0,,Republican before industry left per certain.
alert134389,txn10034389,unusual_time,51:53.7,1,51:53.7,Break deep executive safe.
alert172682,txn10072682,unusual_time,58:24.7,1,58:24.7,More measure tree that key.
alert121097,txn10021097,frequent_failure,33:41.6,1,33:41.6,Business edge player box.
alert169230,txn10069230,frequent_failure,20:23.7,1,20:23.7,Now four worry responsibility for break.
alert108700,txn10008700,frequent_failure,11:30.1,1,11:30.1,Statement rise everyone.
alert183640,txn10083640,unusual_time,24:38.7,1,24:38.7,Data evidence yard great.
alert129947,txn10029947,unusual_amount,27:37.4,0,,Fast world black figure.
alert140442,txn10040442,unusual_amount,52:30.8,1,52:30.8,Pressure recent score your letter discuss opportunity weight.
alert124223,txn10024223,unusual_amount,34:07.8,1,34:07.8,Us fill daughter program finally thank worry.
alert125909,txn10025909,frequent_failure,49:04.1,1,49:04.1,Food reason hospital.
alert135451,txn10035451,suspicious_login,25:33.3,1,25:33.3,Billion reality miss I blood.
alert124312,txn10024312,unusual_amount,19:29.4,1,19:29.4,Decision why against yard turn pressure realize even.
alert120967,txn10020967,frequent_failure,34:44.2,1,34:44.2,Trouble ask experience cut.
alert171444,txn10071444,frequent_failure,32:17.1,1,32:17.1,Near career chance heavy there right herself.
alert197948,txn10097948,unusual_amount,22:21.8,1,22:21.8,Maintain sign find key network memory.
alert194027,txn10094027,suspicious_login,20:42.4,1,20:42.4,Task spring end rather.
alert121974,txn10021974,unusual_time,05:10.1,1,05:10.1,Summer wonder purpose pretty cut drop both.
alert138189,txn10038189,unusual_time,59:28.1,1,59:28.1,Once decade record bar million color young.
alert193658,txn10093658,unusual_amount,30:35.5,1,30:35.5,Similar indicate particularly age.
alert183755,txn10083755,unusual_time,29:51.8,1,29:51.8,Result institution fund tree some court.
alert102822,txn10002822,frequent_failure,20:15.3,1,20:15.3,Follow check design fall player behind.
alert194269,txn10094269,unusual_amount,24:38.8,1,24:38.8,Clearly truth writer deal.
alert175276,txn10075276,suspicious_login,26:48.6,0,,Teach five set miss above begin behind.
alert150815,txn10050815,frequent_failure,15:27.5,1,15:27.5,Might quality write left drive.
alert111094,txn10011094,suspicious_login,20:30.3,1,20:30.3,Lay toward crime value there everything foreign.
alert192892,txn10092892,suspicious_login,29:53.8,1,29:53.8,Report wish southern particular condition.
alert131885,txn10031885,unusual_amount,04:38.1,0,,From senior near avoid.
alert120398,txn10020398,frequent_failure,59:32.1,1,59:32.1,Arm education nothing star many win.
alert100684,txn10000684,unusual_time,17:48.4,1,17:48.4,Amount forget body role understand.
alert194403,txn10094403,suspicious_login,00:40.0,1,00:40.0,Minute social east opportunity hold.
alert120200,txn10020200,suspicious_login,10:46.8,1,10:46.8,Again me head law perhaps site minute.
alert139957,txn10039957,unusual_amount,54:30.3,1,54:30.3,Truth as Mr outside him.
alert103737,txn10003737,frequent_failure,35:52.6,1,35:52.6,More apply quality song.
alert109447,txn10009447,unusual_amount,30:04.6,1,30:04.6,Majority society eat magazine career point.
alert119879,txn10019879,suspicious_login,21:02.5,1,21:02.5,Protect pay during up pattern sit.
alert115380,txn10015380,suspicious_login,36:49.8,1,36:49.8,Kitchen across young local anyone especially discussion.
alert167194,txn10067194,frequent_failure,58:04.6,1,58:04.6,Effort instead adult it station.
alert172040,txn10072040,unusual_amount,02:22.5,1,02:22.5,Feeling fine such likely city lot painting.
alert166282,txn10066282,unusual_time,31:34.0,1,31:34.0,Set have determine.
alert151910,txn10051910,unusual_time,36:09.5,0,,Practice pass wall player sure cover.
alert158880,txn10058880,frequent_failure,20:26.1,1,20:26.1,Process ball here hospital.
alert110597,txn10010597,unusual_amount,49:30.6,1,49:30.6,Lawyer camera carry east.
alert187710,txn10087710,unusual_time,42:33.0,1,42:33.0,His particularly school notice.
alert149504,txn10049504,unusual_time,09:04.2,1,09:04.2,Son treatment letter paper benefit.
alert108124,txn10008124,frequent_failure,28:34.2,1,28:34.2,Never recently heavy voice.
alert143064,txn10043064,unusual_amount,52:39.4,1,52:39.4,Animal both nature woman.
alert148973,txn10048973,suspicious_login,51:26.4,1,51:26.4,Record believe section its hope so.
alert128060,txn10028060,frequent_failure,00:48.4,1,00:48.4,Together rise former center push.
alert175414,txn10075414,unusual_amount,37:00.6,1,37:00.6,Magazine amount describe feeling itself will wish grow.
alert192760,txn10092760,unusual_time,31:38.2,1,31:38.2,Later left which put when society.
alert127253,txn10027253,unusual_amount,51:37.8,1,51:37.8,Itself respond chance believe member professor cultural.
alert158177,txn10058177,unusual_amount,59:54.9,1,59:54.9,Stand general within their history floor.
alert187435,txn10087435,unusual_amount,59:11.2,1,59:11.2,Public right figure large mission likely front get.
alert142555,txn10042555,unusual_amount,43:35.8,0,,Decide understand final research special.
alert113840,txn10013840,unusual_amount,25:46.7,1,25:46.7,Investment leave general art.
alert195888,txn10095888,unusual_time,53:49.1,1,53:49.1,Explain herself decade particularly.
alert124521,txn10024521,unusual_time,20:17.3,1,20:17.3,Former single how among fall main.
alert115520,txn10015520,frequent_failure,58:47.6,1,58:47.6,Run ground responsibility challenge dinner authority.
alert106774,txn10006774,unusual_amount,43:12.1,0,,Room from peace mention fall adult.
alert112209,txn10012209,unusual_amount,07:28.6,1,07:28.6,Again husband themselves training what.
alert183998,txn10083998,unusual_time,42:03.8,0,,Sort hope air happen low.
alert124473,txn10024473,unusual_time,19:08.2,1,19:08.2,Cut start war agree success management establish young.
alert159621,txn10059621,unusual_amount,29:40.9,1,29:40.9,Also enough human.
alert178023,txn10078023,unusual_time,20:51.8,1,20:51.8,Tough nature few.
alert106987,txn10006987,frequent_failure,42:53.8,1,42:53.8,Perhaps involve check people local think.
alert179565,txn10079565,frequent_failure,14:51.4,1,14:51.4,Executive prepare before.
alert132146,txn10032146,suspicious_login,00:11.2,1,00:11.2,Fund officer about increase college deal budget.
alert197622,txn10097622,suspicious_login,52:55.3,1,52:55.3,Prepare nearly third management.
alert197379,txn10097379,frequent_failure,59:26.1,1,59:26.1,Interest none sound create.
alert129504,txn10029504,unusual_amount,01:19.0,1,01:19.0,Often wall civil happy American box address.
alert163661,txn10063661,frequent_failure,57:34.3,1,57:34.3,Wait mention already eight college thing.
alert145119,txn10045119,unusual_amount,03:57.2,1,06:42.1,Full end former value indeed shake.
alert190183,txn10090183,frequent_failure,49:50.8,0,,Sister happy peace cover.
alert117691,txn10017691,frequent_failure,46:24.1,1,46:24.1,What dinner PM sometimes body share.
alert154289,txn10054289,unusual_time,32:27.2,1,32:27.2,A standard possible no.
alert150023,txn10050023,unusual_amount,31:52.1,1,31:52.1,Drug both outside improve push speech inside.
alert158403,txn10058403,frequent_failure,30:21.5,0,,Book recognize yeah doctor could a.
alert135685,txn10035685,frequent_failure,11:08.0,1,11:08.0,Season technology article continue join.
alert181883,txn10081883,frequent_failure,41:03.0,1,41:03.0,That moment something more protect national.
alert111708,txn10011708,suspicious_login,00:48.2,0,,Treatment television some suffer available tough.
alert117396,txn10017396,unusual_amount,22:37.4,1,22:37.4,Lay attack agency with break.
alert155950,txn10055950,suspicious_login,29:09.1,1,29:09.1,Sure gas year around environment safe quickly.
alert147820,txn10047820,suspicious_login,56:24.0,1,56:24.0,Radio also break some bar participant those.
alert156645,txn10056645,unusual_time,55:26.7,1,55:26.7,New carry tax test.
alert146707,txn10046707,suspicious_login,59:29.8,1,59:29.8,Hope sometimes feeling main series foot.
alert182756,txn10082756,unusual_time,52:17.6,0,,Present color and form very give.
alert138280,txn10038280,unusual_amount,18:59.7,1,18:59.7,Fire argue red.
alert166447,txn10066447,unusual_time,26:37.8,1,26:37.8,Bring put Republican resource right tend cell.
alert133142,txn10033142,frequent_failure,11:55.6,1,11:55.6,Hotel factor opportunity daughter.
alert143333,txn10043333,frequent_failure,43:23.9,0,,Ability voice prepare decision discuss treatment type.
alert157116,txn10057116,unusual_amount,03:35.2,1,03:35.2,They business data college.
alert128745,txn10028745,unusual_amount,39:42.2,1,39:42.2,According style put.
alert176454,txn10076454,unusual_time,12:25.7,1,12:25.7,Mrs nothing above yes.
alert161991,txn10061991,unusual_amount,10:56.6,1,10:56.6,Air yet best medical.
alert163764,txn10063764,frequent_failure,33:20.7,0,,Huge discuss course executive four teach authority.
alert132308,txn10032308,unusual_time,16:06.9,0,,Thousand apply good authority.
alert128044,txn10028044,unusual_time,21:32.7,1,21:32.7,Item will oil by low wait hold.
alert140995,txn10040995,frequent_failure,10:08.6,1,06:42.1,This black rest herself save campaign have same.
alert170608,txn10070608,suspicious_login,14:58.1,1,14:58.1,Court economic administration.
alert101574,txn10001574,suspicious_login,25:09.1,1,06:42.1,Theory mind marriage use so say.
alert121090,txn10021090,unusual_amount,53:14.4,1,06:42.1,Ready practice production woman worry.
alert173612,txn10073612,unusual_time,02:17.1,1,02:17.1,Foreign several drug list case.
alert155205,txn10055205,suspicious_login,12:40.6,1,12:40.6,The seek foot body manage president.
alert131830,txn10031830,unusual_amount,22:09.6,1,22:09.6,Improve various Democrat law line.
alert171637,txn10071637,unusual_amount,24:41.2,0,,Certainly one hold bar school continue fund nearly.
alert124134,txn10024134,frequent_failure,43:49.7,1,43:49.7,This range worry unit.
alert147276,txn10047276,unusual_amount,38:59.3,1,38:59.3,Significant education wife across.
alert158948,txn10058948,unusual_amount,08:23.5,1,08:23.5,Build company read.
alert153784,txn10053784,suspicious_login,37:25.9,1,37:25.9,Million allow rock respond.
alert161049,txn10061049,frequent_failure,41:00.9,1,41:00.9,Red direction method.
alert124492,txn10024492,frequent_failure,05:31.8,1,05:31.8,Stock before area expert choose different.
alert130149,txn10030149,unusual_amount,29:47.3,1,29:47.3,Pm page according stand fund plan.
alert160841,txn10060841,unusual_time,42:52.2,1,42:52.2,Particularly material attention even.
alert149452,txn10049452,frequent_failure,17:07.7,1,17:07.7,Factor paper population away summer lead last picture.
alert104396,txn10004396,unusual_amount,13:16.3,1,13:16.3,Program change fall drive.
alert102695,txn10002695,frequent_failure,17:26.6,1,17:26.6,Throw how receive later official forward card.
alert139540,txn10039540,frequent_failure,09:55.4,1,09:55.4,Deep use fight various edge.
alert112879,txn10012879,unusual_time,33:52.8,1,33:52.8,Interview stuff cultural forward spring him generation.
alert135823,txn10035823,frequent_failure,20:53.2,0,,Idea produce church father across eight now project.
alert159992,txn10059992,unusual_time,20:11.3,1,20:11.3,Quality candidate decade image.
alert154894,txn10054894,unusual_amount,19:42.1,0,,Now end child serve provide.
alert107398,txn10007398,unusual_time,58:07.3,1,58:07.3,Smile executive born energy contain.
alert190353,txn10090353,unusual_time,30:49.5,1,30:49.5,Firm who upon.
alert119229,txn10019229,suspicious_login,19:11.8,1,19:11.8,Imagine past happy down approach attack.
alert199414,txn10099414,suspicious_login,46:49.4,1,46:49.4,Player ten chance skin three defense.
alert103849,txn10003849,frequent_failure,55:21.2,1,55:21.2,Myself professor born over left foot red.
alert169899,txn10069899,unusual_amount,40:38.9,1,40:38.9,Life meeting morning.
alert178985,txn10078985,unusual_amount,24:48.3,1,24:48.3,Firm grow opportunity reach rest school.
alert183691,txn10083691,frequent_failure,13:49.4,1,13:49.4,Head employee represent bag edge they could.
alert102072,txn10002072,suspicious_login,35:04.6,1,35:04.6,Improve worry little billion.
alert146978,txn10046978,frequent_failure,35:44.8,1,35:44.8,Ball far offer people.
alert168944,txn10068944,suspicious_login,48:32.0,1,48:32.0,Do wrong now let.
alert147638,txn10047638,unusual_amount,30:55.8,1,30:55.8,Could thing produce lead college.
alert189399,txn10089399,frequent_failure,05:04.6,1,05:04.6,Live space note environmental range hold.
alert116217,txn10016217,unusual_amount,36:31.2,0,,Team standard data subject them TV Mr own.
alert153991,txn10053991,frequent_failure,03:24.6,1,03:24.6,Sound along college certain.
alert100457,txn10000457,suspicious_login,19:11.3,1,19:11.3,Law response real it.
alert160969,txn10060969,unusual_time,14:55.5,0,,Star everything main.
alert196757,txn10096757,suspicious_login,43:06.6,1,43:06.6,Only line nation.
alert155782,txn10055782,suspicious_login,21:10.4,1,21:10.4,Card growth by play series reason finish hand.
alert122525,txn10022525,unusual_time,11:48.1,0,,Form building truth.
alert146294,txn10046294,unusual_amount,28:14.8,1,28:14.8,Idea policy miss ability pick sometimes station.
alert140856,txn10040856,suspicious_login,51:37.4,1,51:37.4,Point bag also garden he.
alert185558,txn10085558,unusual_amount,14:20.4,1,14:20.4,Threat actually management glass record.
alert110687,txn10010687,frequent_failure,47:24.1,1,47:24.1,Since fire seek market.
alert190732,txn10090732,suspicious_login,33:48.2,1,33:48.2,Growth get grow human enjoy.
alert119701,txn10019701,unusual_time,03:43.1,1,03:43.1,Including difficult response section.
alert177919,txn10077919,frequent_failure,13:47.0,0,,Condition indeed agency kind.
alert139596,txn10039596,unusual_time,57:39.9,1,57:39.9,Second technology continue program soldier.
alert157248,txn10057248,unusual_amount,25:26.3,1,25:26.3,Catch better teacher outside.
alert195436,txn10095436,frequent_failure,54:55.0,0,,Leader less task land order letter score.
alert124830,txn10024830,frequent_failure,53:03.2,0,,Nature physical what really character American process.
alert136551,txn10036551,frequent_failure,34:29.7,0,,Woman before house manager generation pass large.
alert118666,txn10018666,frequent_failure,12:35.6,1,12:35.6,Ahead several will even begin cause.
alert136269,txn10036269,unusual_amount,19:29.6,1,19:29.6,Difficult amount book firm attack year issue wind.
alert115457,txn10015457,frequent_failure,39:15.4,1,39:15.4,Few voice available stop author rule admit newspaper.
alert130036,txn10030036,frequent_failure,20:45.2,1,20:45.2,Who hot key himself.
alert145896,txn10045896,suspicious_login,12:27.1,1,12:27.1,Surface baby attack.
alert125875,txn10025875,unusual_time,23:11.8,0,,Type data behind activity glass.
alert183554,txn10083554,unusual_amount,19:25.7,1,19:25.7,Another own tonight song.
alert178809,txn10078809,unusual_time,42:58.1,1,42:58.1,Base fact one include each experience.
alert145903,txn10045903,frequent_failure,42:43.7,1,42:43.7,Yes give pass speak benefit free history.
alert184197,txn10084197,frequent_failure,24:19.6,1,24:19.6,Travel relate avoid up accept.
alert176933,txn10076933,unusual_time,12:00.6,1,12:00.6,Eat ability conference blood hospital wear get.
alert110125,txn10010125,frequent_failure,14:22.7,1,14:22.7,From fact between rule.
alert193349,txn10093349,suspicious_login,20:35.1,1,20:35.1,Research know election discover me.
alert139325,txn10039325,unusual_amount,25:45.9,1,25:45.9,Determine tell no ago material wait thought.
alert188006,txn10088006,suspicious_login,52:39.4,1,52:39.4,Town animal Democrat.
alert137767,txn10037767,unusual_time,50:40.1,0,,Cover gas contain general than wall arm.
alert188944,txn10088944,suspicious_login,41:18.9,1,41:18.9,Adult dog enjoy less.
alert187949,txn10087949,unusual_time,31:37.4,1,31:37.4,Include increase political return eye.
alert174431,txn10074431,unusual_time,44:04.9,1,44:04.9,Low year must western later.
alert198976,txn10098976,suspicious_login,04:06.3,1,04:06.3,Nothing on carry president state.
alert165347,txn10065347,unusual_amount,52:45.2,1,52:45.2,Material along pass toward name.
alert186618,txn10086618,suspicious_login,24:18.4,1,24:18.4,Teacher relate night growth message your buy all.
alert133369,txn10033369,unusual_amount,29:55.5,1,29:55.5,It raise Democrat state whether among notice listen.
alert134216,txn10034216,frequent_failure,50:27.4,1,50:27.4,Quality majority call hit above.
alert143958,txn10043958,unusual_time,55:27.2,1,55:27.2,Here simply season pass body back.
alert128826,txn10028826,unusual_amount,19:05.5,1,19:05.5,Space authority budget may attack ball.
alert175204,txn10075204,suspicious_login,25:13.5,1,25:13.5,Seem magazine article price.
alert131515,txn10031515,unusual_amount,18:52.7,1,18:52.7,Blood present mission opportunity manage actually leader.
alert115753,txn10015753,unusual_time,11:31.9,1,11:31.9,His happy stock best allow imagine politics.
alert136981,txn10036981,unusual_time,40:10.0,1,40:10.0,Fast summer government huge fish of talk father.
alert154682,txn10054682,unusual_time,03:03.5,1,03:03.5,After individual popular there magazine.
alert186555,txn10086555,suspicious_login,43:59.5,1,43:59.5,Professional nothing arrive budget despite try miss.
alert139340,txn10039340,frequent_failure,33:21.9,1,33:21.9,Officer standard threat major realize action they.
alert174586,txn10074586,unusual_time,43:27.3,1,43:27.3,Rather student pattern stay actually chair own.
alert175094,txn10075094,frequent_failure,56:25.5,1,56:25.5,Result away must investment.
alert101519,txn10001519,frequent_failure,48:08.8,1,48:08.8,This or line word project.
alert194260,txn10094260,unusual_time,51:40.9,1,51:40.9,Difficult expert building nearly serious call.
alert157608,txn10057608,unusual_time,20:01.3,0,,Almost candidate yet majority difference Democrat reach.
alert191968,txn10091968,unusual_time,47:22.3,1,47:22.3,Have while sit eight ten word.
alert184817,txn10084817,unusual_time,57:47.4,1,57:47.4,Career deal want do.
alert112582,txn10012582,suspicious_login,36:19.5,1,36:19.5,Usually space career religious.
alert164890,txn10064890,unusual_amount,04:14.3,1,04:14.3,Produce section toward apply.
alert160588,txn10060588,unusual_amount,01:40.0,1,01:40.0,Tree interview day tough tonight rate there participant.
alert177175,txn10077175,unusual_time,46:28.7,1,46:28.7,Model already others ready see near environmental.
alert109112,txn10009112,frequent_failure,17:17.8,1,17:17.8,The receive simple game.
alert109128,txn10009128,unusual_amount,12:05.1,1,12:05.1,Television only ball describe capital.
alert172031,txn10072031,suspicious_login,47:32.3,1,47:32.3,Rock work role reality economic send.
alert133348,txn10033348,frequent_failure,53:17.0,1,53:17.0,Half administration fly wait consumer be environment.
alert111730,txn10011730,suspicious_login,56:25.2,1,56:25.2,Decide bad soon.
alert188106,txn10088106,unusual_amount,39:07.5,0,,Forget word look indicate language.
alert163416,txn10063416,unusual_time,42:49.9,1,42:49.9,Defense yes nature officer ask serve close.
alert134622,txn10034622,unusual_time,16:58.5,1,16:58.5,Identify southern growth purpose.
alert141218,txn10041218,frequent_failure,16:33.5,0,,Case cultural require role product appear.
alert143321,txn10043321,suspicious_login,15:31.1,1,15:31.1,Important board apply them change.
alert124577,txn10024577,suspicious_login,01:15.4,1,01:15.4,Enough there sing away girl practice improve establish.
alert102280,txn10002280,unusual_time,28:05.1,1,28:05.1,Your role hear sport million trade.
alert144821,txn10044821,unusual_time,21:11.1,1,21:11.1,Hotel contain hour on politics because.
alert122368,txn10022368,unusual_time,36:50.1,1,36:50.1,Real her door.
alert105015,txn10005015,unusual_amount,13:51.0,1,13:51.0,Interesting card toward mother.
alert166958,txn10066958,suspicious_login,47:16.4,0,,Possible own wide house even cost return.
alert185584,txn10085584,unusual_time,13:38.5,1,13:38.5,List charge western citizen quality bank.
alert145000,txn10045000,unusual_amount,18:57.1,1,18:57.1,Low feeling line edge.
alert129361,txn10029361,frequent_failure,18:32.9,1,18:32.9,Record blood throw spend worry lay.
alert169224,txn10069224,frequent_failure,24:06.5,1,24:06.5,Billion box quickly wear offer develop card.
alert123819,txn10023819,frequent_failure,25:13.3,1,25:13.3,Southern direction east avoid give blue.
alert170031,txn10070031,unusual_amount,31:20.3,1,31:20.3,Something hour hear see age manage only.
alert136120,txn10036120,unusual_time,44:23.5,1,44:23.5,Lot create artist else deal tonight.
alert194765,txn10094765,frequent_failure,12:48.4,1,12:48.4,Artist almost example before table concern and benefit.
alert186834,txn10086834,frequent_failure,48:21.7,1,48:21.7,Inside list ten two number level federal social.
alert112181,txn10012181,unusual_time,08:54.8,1,08:54.8,Line course increase information.
alert121636,txn10021636,suspicious_login,03:43.4,1,03:43.4,Degree continue film while everybody local.
alert103786,txn10003786,unusual_time,44:42.1,1,44:42.1,Against arm else.
alert175543,txn10075543,suspicious_login,50:41.1,1,50:41.1,Mrs report hair dream thousand require time next.
alert159335,txn10059335,frequent_failure,31:01.4,1,31:01.4,Part choice stay big they federal stop real.
alert136066,txn10036066,unusual_amount,57:21.6,1,57:21.6,Field moment avoid lead natural.
alert125760,txn10025760,unusual_time,03:14.3,1,03:14.3,Respond pass foot once various when.
alert140965,txn10040965,unusual_amount,58:02.7,1,58:02.7,Usually clear decide represent bit.
alert144548,txn10044548,frequent_failure,32:03.2,1,32:03.2,Play usually example risk force.
alert181279,txn10081279,suspicious_login,06:43.6,1,06:43.6,Myself energy main civil image night against fear.
alert181600,txn10081600,suspicious_login,16:11.3,1,16:11.3,Against west protect rule guy hour.
alert134562,txn10034562,unusual_amount,17:37.0,1,17:37.0,Nation box admit term.
alert168941,txn10068941,suspicious_login,35:27.3,1,35:27.3,Way onto use interview middle success.
alert159721,txn10059721,unusual_time,39:58.5,1,39:58.5,Rest out job yard environment fire.
alert121718,txn10021718,unusual_amount,56:15.1,1,56:15.1,Alone growth land whole.
alert120860,txn10020860,unusual_time,40:38.7,1,40:38.7,Simply suffer human little from what contain.
alert192728,txn10092728,unusual_time,58:32.9,1,58:32.9,Long more while responsibility should.
alert141628,txn10041628,suspicious_login,06:53.4,0,,Upon line nearly American.
alert169365,txn10069365,unusual_amount,59:18.3,1,59:18.3,A choose side across determine color.
alert149283,txn10049283,suspicious_login,48:35.3,1,48:35.2,Build pay necessary we weight indeed where.
alert138541,txn10038541,unusual_time,47:23.3,1,47:23.3,Phone when rich paper others.
alert124820,txn10024820,unusual_time,20:11.0,1,20:11.0,Imagine form at professor myself company.
alert157327,txn10057327,unusual_time,26:11.8,1,26:11.8,All mission first training music fire authority.
alert197269,txn10097269,suspicious_login,15:23.0,1,15:23.0,Adult you back prevent hard.
alert172937,txn10072937,suspicious_login,48:46.8,1,48:46.8,Phone perhaps choice condition voice should peace.
alert174548,txn10074548,suspicious_login,09:35.4,1,09:35.4,Truth onto floor we quite say.
alert184287,txn10084287,suspicious_login,11:27.0,1,11:27.0,Friend team focus because effort agree.
alert109910,txn10009910,frequent_failure,36:01.1,1,36:01.1,Them our reason national affect end.
alert117338,txn10017338,suspicious_login,21:06.4,1,21:06.4,Explain capital catch create member.
alert161829,txn10061829,unusual_time,34:07.3,1,34:07.3,Value cause agree kid spend here.
alert141971,txn10041971,suspicious_login,34:37.5,1,34:37.5,Growth ever sort official something stay full.
alert156604,txn10056604,unusual_amount,16:29.4,1,16:29.4,Loss range establish Democrat interview.
alert131729,txn10031729,frequent_failure,35:19.0,1,35:19.0,Pattern thus pull become sense.
alert169948,txn10069948,frequent_failure,45:57.5,1,45:57.5,Here media reveal civil help issue behavior.
alert168978,txn10068978,unusual_time,29:57.6,1,29:57.6,Of these guy vote right floor style.
alert115979,txn10015979,unusual_time,49:34.0,1,49:34.0,Unit or every since star seek garden let.
alert103281,txn10003281,unusual_time,46:13.4,1,46:13.4,Call trial measure than thing language.
alert167736,txn10067736,suspicious_login,00:35.7,1,00:35.7,Rock center country.
alert129316,txn10029316,suspicious_login,11:00.8,1,11:00.8,Understand this make or require small art.
alert117529,txn10017529,unusual_time,11:10.1,1,11:10.1,Across size north song career down.
alert160748,txn10060748,frequent_failure,12:42.9,1,12:42.9,Stop spend strategy watch light enjoy.
alert155135,txn10055135,suspicious_login,01:10.2,1,01:10.2,Including management commercial visit.
alert124419,txn10024419,suspicious_login,02:48.9,0,,Section group do body night.
alert164926,txn10064926,suspicious_login,09:12.8,1,09:12.8,Environment her none lead today system.
alert136187,txn10036187,unusual_amount,06:26.3,1,06:26.3,Left director goal election teacher size get.
alert108893,txn10008893,unusual_amount,04:30.7,1,04:30.7,Garden current station recognize.
alert173477,txn10073477,unusual_time,39:24.2,1,39:24.2,Physical himself five shoulder knowledge participant push.
alert111902,txn10011902,suspicious_login,27:05.5,1,27:05.5,Itself eat attack again administration respond now.
alert183820,txn10083820,unusual_amount,23:09.8,1,23:09.8,Create thus former establish line tough list.
alert113447,txn10013447,suspicious_login,28:53.7,1,28:53.7,Billion discuss size movie phone onto.
alert180474,txn10080474,suspicious_login,39:36.8,1,39:36.8,Report alone class experience set for challenge talk.
alert129085,txn10029085,unusual_time,55:36.2,1,55:36.2,Maybe show matter former.
alert159031,txn10059031,suspicious_login,03:31.1,1,03:31.1,Learn never would dog room pressure.
alert119424,txn10019424,unusual_amount,57:27.8,1,57:27.8,Analysis standard day fall.
alert177682,txn10077682,unusual_time,25:02.4,1,25:02.4,Consumer forward beyond interesting I land point.
alert110820,txn10010820,frequent_failure,39:08.7,1,39:08.7,Through in anything tonight heart.
alert111508,txn10011508,frequent_failure,48:25.8,1,48:25.8,Them suggest current last.
alert146921,txn10046921,suspicious_login,55:58.8,1,55:58.8,Write light black.
alert102059,txn10002059,unusual_amount,53:40.9,1,53:40.9,Particular resource find hundred summer.
alert104171,txn10004171,frequent_failure,05:43.9,1,06:42.1,Key often matter.
alert137112,txn10037112,unusual_amount,41:43.4,0,,Author image tonight member artist change.
alert107931,txn10007931,suspicious_login,15:21.4,1,15:21.4,Once letter church.
alert187209,txn10087209,unusual_time,20:16.1,1,20:16.1,Pretty save interest.
alert161886,txn10061886,frequent_failure,29:23.1,1,29:23.1,Gas again because story relate idea that.
alert187837,txn10087837,unusual_time,39:34.6,0,,Consider campaign top even great under.
alert155722,txn10055722,suspicious_login,25:37.8,1,25:37.8,Note drive city particular.
alert149897,txn10049897,suspicious_login,42:26.4,1,42:26.4,Spend still bed always almost consider speech.
alert145545,txn10045545,suspicious_login,49:16.9,1,49:16.9,Be affect recent wish use.
alert117766,txn10017766,frequent_failure,53:30.1,1,53:30.1,Become business them where.
alert185451,txn10085451,unusual_amount,06:51.2,1,06:51.2,Change card boy edge.
alert151600,txn10051600,frequent_failure,37:33.0,1,37:33.0,Wait listen it commercial more already book.
alert153736,txn10053736,unusual_time,20:29.8,1,20:29.8,Yeah second campaign money watch age.
alert166751,txn10066751,unusual_time,27:18.9,1,27:18.9,Painting if manage yard much.
alert118418,txn10018418,suspicious_login,47:29.0,1,47:29.0,Any understand involve fight pick eight art list.
alert190296,txn10090296,frequent_failure,33:44.4,1,33:44.4,Serve continue full add administration fine few.
alert165713,txn10065713,unusual_amount,32:19.8,1,32:19.8,Hope my fear anything college.
alert125352,txn10025352,unusual_time,47:32.7,0,,Deal policy phone budget huge family almost.
alert103474,txn10003474,unusual_time,28:21.9,1,28:21.9,Certainly she then itself including media five worker.
alert188701,txn10088701,unusual_time,24:03.7,1,24:03.7,Goal member provide save investment benefit.
alert159515,txn10059515,unusual_amount,17:05.1,1,17:05.1,Guess office growth.
alert155888,txn10055888,unusual_time,44:19.3,1,44:19.3,Trip western list quickly bag continue campaign often.
alert158088,txn10058088,frequent_failure,00:58.2,1,00:58.2,Any foreign national.
alert154976,txn10054976,unusual_amount,15:21.7,1,15:21.7,Field their on hold friend yourself deep.
alert109086,txn10009086,unusual_time,19:09.9,1,19:09.9,Avoid politics check chair trip.
alert123177,txn10023177,suspicious_login,36:17.8,1,36:17.8,Lawyer either feeling owner cover from.
alert190855,txn10090855,suspicious_login,46:41.2,1,46:41.2,East measure toward finally well action.
alert119441,txn10019441,unusual_amount,17:48.6,1,17:48.6,Something image nation suggest general people.
alert161010,txn10061010,unusual_time,09:05.3,1,09:05.3,Story special table.
alert190308,txn10090308,suspicious_login,00:42.4,1,00:42.4,Ask enjoy so difference.
alert153724,txn10053724,suspicious_login,03:48.0,1,03:48.0,Season executive cup enjoy feeling develop them.
alert163532,txn10063532,unusual_amount,46:57.0,1,46:57.0,Event expect somebody eat.
alert148068,txn10048068,unusual_time,33:31.8,1,33:31.8,Yard smile machine thought evidence capital wrong.
alert117329,txn10017329,suspicious_login,45:04.4,1,45:04.4,Form light every among financial.
alert103780,txn10003780,unusual_amount,03:14.9,1,03:14.9,For leave least point finally many.
alert116693,txn10016693,unusual_time,38:23.2,1,38:23.2,Part consumer relationship camera light.
alert178180,txn10078180,frequent_failure,52:49.5,1,52:49.5,Pm drive word significant.
alert154453,txn10054453,unusual_time,58:38.7,1,58:38.7,Can accept glass.
alert169675,txn10069675,suspicious_login,00:16.8,1,00:16.8,Indicate example important ahead.
alert156597,txn10056597,unusual_time,51:44.5,1,51:44.5,Who somebody professional leader.
alert106868,txn10006868,frequent_failure,59:16.4,1,59:16.4,Stay capital determine better force beautiful draw.
alert105353,txn10005353,unusual_amount,03:06.2,1,03:06.2,Product turn budget.
alert100570,txn10000570,unusual_amount,03:30.6,1,03:30.6,Seek relate activity.
alert196078,txn10096078,unusual_amount,59:27.3,1,59:27.3,Not company give above available cup cell.
alert127285,txn10027285,unusual_amount,57:35.3,1,57:35.3,Sense maintain agree eye stop.
alert175424,txn10075424,unusual_time,45:55.1,1,45:55.1,Time thought offer along.
alert100574,txn10000574,unusual_time,13:25.4,0,,Worry political your industry machine.
alert145788,txn10045788,frequent_failure,59:54.9,1,59:54.9,Media ability knowledge music reduce without discover.
alert158280,txn10058280,frequent_failure,12:34.9,1,12:34.9,Theory rule increase.
alert131879,txn10031879,frequent_failure,08:51.2,1,08:51.2,Once behind similar try professor.
alert150081,txn10050081,suspicious_login,00:29.3,1,00:29.3,Possible claim have hard.
alert141376,txn10041376,suspicious_login,25:52.4,1,25:52.4,Eye worry level carry.
alert138030,txn10038030,frequent_failure,29:04.3,1,29:04.3,Idea white eight course radio thus population.
alert155255,txn10055255,suspicious_login,08:33.1,1,08:33.1,Today role when area next.
alert185298,txn10085298,unusual_amount,27:10.0,1,27:10.0,Never fast job top.
alert103363,txn10003363,unusual_amount,38:42.8,1,38:42.8,Situation adult himself security federal face speech station.
alert113997,txn10013997,unusual_time,35:23.5,1,35:23.5,City risk want black up.
alert160776,txn10060776,unusual_amount,14:21.7,1,14:21.7,Small respond usually south doctor everyone.
alert177181,txn10077181,frequent_failure,17:41.6,1,17:41.6,Star decide begin three.
alert130916,txn10030916,unusual_amount,03:37.1,1,03:37.1,Forget manager wait including special part worry.
alert150237,txn10050237,suspicious_login,45:46.2,1,45:46.2,Beautiful home stand moment campaign action west.
alert117988,txn10017988,unusual_amount,27:57.6,1,27:57.6,Hundred get face four paper cut summer.
alert190695,txn10090695,frequent_failure,07:41.1,1,07:41.1,Discover friend individual term health contain.
alert151213,txn10051213,suspicious_login,08:54.6,1,08:54.6,Since gas million factor good remain.
alert178634,txn10078634,unusual_amount,40:57.5,1,40:57.5,Mission view some leg record.
alert106665,txn10006665,unusual_time,52:14.0,1,52:14.0,Pay stock writer customer interview president pretty.
alert191273,txn10091273,unusual_amount,12:30.4,0,,Science region physical civil stock feeling.
alert120332,txn10020332,unusual_amount,10:44.3,1,10:44.3,Right research local difficult.
alert134388,txn10034388,unusual_amount,43:10.7,1,43:10.7,Teacher could situation sound.
alert199077,txn10099077,suspicious_login,43:33.4,1,43:33.4,Year heavy mission force spring establish.
alert174805,txn10074805,unusual_time,07:16.7,1,07:16.7,Deep just candidate reflect old.
alert123213,txn10023213,unusual_amount,10:24.6,1,10:24.6,Support little collection east.
alert107161,txn10007161,unusual_time,39:01.0,1,39:01.0,Around name case themselves from old ready.
alert176905,txn10076905,frequent_failure,32:56.1,1,32:56.1,Dark too billion.
alert109270,txn10009270,frequent_failure,55:56.5,0,,Foot thus thousand air vote civil stage.
alert186446,txn10086446,unusual_amount,14:30.4,1,14:30.4,With wonder couple sometimes treatment best.
alert123712,txn10023712,suspicious_login,39:33.8,1,39:33.8,Reach throughout interesting official rather ahead to.
alert178582,txn10078582,unusual_amount,47:07.2,0,,Reflect lose hotel.
alert168979,txn10068979,unusual_amount,40:56.7,1,40:56.7,Each radio gun tax would population get.
alert116054,txn10016054,unusual_time,20:25.0,1,20:25.0,Career me practice finish.
alert184634,txn10084634,frequent_failure,40:44.1,1,40:44.1,Charge form possible probably.
alert137456,txn10037456,unusual_amount,22:36.8,1,22:36.8,Way another end force since he however cold.
alert197705,txn10097705,unusual_amount,15:56.4,0,,Chance recent street poor language.
alert121416,txn10021416,unusual_time,35:14.2,1,35:14.2,Individual when finish ready across no investment.
alert197167,txn10097167,unusual_time,15:49.6,1,15:49.6,Crime similar hold knowledge who.
alert164082,txn10064082,unusual_amount,13:59.3,1,13:59.3,Or budget act soon church war parent begin.
alert169127,txn10069127,unusual_time,22:54.0,1,22:54.0,Economy build improve serve half responsibility go power.
alert110136,txn10010136,unusual_time,54:26.7,1,54:26.7,Interesting rule agency while west white discuss.
alert111624,txn10011624,frequent_failure,03:51.5,0,,Recent task bill radio member behavior.
alert149758,txn10049758,unusual_time,45:07.0,1,45:07.0,Must window truth.
alert117205,txn10017205,unusual_time,36:07.2,1,36:07.2,Fine suddenly win always.
alert148115,txn10048115,frequent_failure,43:54.6,1,43:54.6,Back fight form tough relationship particularly.
alert185557,txn10085557,suspicious_login,07:06.4,1,07:06.4,Born stand moment.
alert157567,txn10057567,suspicious_login,13:29.0,1,13:29.0,Might power mouth station know.
alert186009,txn10086009,unusual_amount,31:51.0,1,06:42.1,Physical matter certainly stage.
alert122657,txn10022657,unusual_amount,45:06.7,1,45:06.7,Court smile politics environmental wear.
alert115027,txn10015027,suspicious_login,23:54.9,1,23:54.9,List not office amount later war maybe.
alert194128,txn10094128,unusual_amount,07:45.4,1,07:45.4,General property model rule hour detail.
alert122732,txn10022732,unusual_amount,15:20.5,1,15:20.5,Begin foot wind determine rise recognize five.
alert147013,txn10047013,suspicious_login,07:09.3,1,07:09.3,Image senior feeling compare box.
alert181749,txn10081749,suspicious_login,47:02.2,1,47:02.2,If mean same new region full certain.
alert165157,txn10065157,suspicious_login,40:25.7,1,40:25.7,I because certain during what.
alert123250,txn10023250,frequent_failure,01:09.3,1,01:09.3,Economy hundred sister public.
alert153182,txn10053182,unusual_amount,51:35.2,1,51:35.2,Test many standard fact dark.
alert122843,txn10022843,frequent_failure,47:32.9,1,47:32.9,Family thing eye exactly issue low any.
alert100427,txn10000427,frequent_failure,27:19.3,1,27:19.3,Answer effort least.
alert142171,txn10042171,unusual_time,45:09.7,0,,National then despite wide.
alert116409,txn10016409,unusual_time,17:08.7,1,17:08.7,Whatever just tend state.
alert155768,txn10055768,unusual_amount,36:04.7,1,06:42.1,Together phone until economic always political middle.
alert181323,txn10081323,unusual_time,06:42.5,1,06:42.5,Myself director quickly season day yes.
alert172404,txn10072404,frequent_failure,40:32.5,1,40:32.5,Nation organization standard up father care site war.
alert144678,txn10044678,unusual_amount,27:24.9,1,27:24.9,Box amount budget democratic like.
alert100737,txn10000737,unusual_time,19:04.0,1,19:04.0,Structure common like director.
alert134919,txn10034919,unusual_time,42:04.3,1,42:04.3,Project risk vote who.
alert118858,txn10018858,frequent_failure,14:52.3,1,14:52.3,Continue protect forward.
alert126114,txn10026114,suspicious_login,27:57.4,1,27:57.4,That city third size.
alert184839,txn10084839,unusual_amount,40:06.1,1,40:06.1,Important situation back produce share member.
alert165181,txn10065181,unusual_time,23:48.8,0,,Must as model.
alert175996,txn10075996,frequent_failure,06:46.6,1,06:46.6,Outside coach write.
alert130393,txn10030393,unusual_amount,06:06.5,1,06:06.5,Respond find determine state energy choice forward.
alert142180,txn10042180,unusual_time,42:49.1,0,,Increase deep bed recognize sound society fish.
alert116186,txn10016186,unusual_amount,31:28.7,1,31:28.7,Behavior world rich care.
alert159001,txn10059001,suspicious_login,19:57.7,1,19:57.7,Sea by indicate another.
alert191206,txn10091206,unusual_time,20:39.8,1,20:39.8,Work what take here work.
alert150106,txn10050106,suspicious_login,09:16.7,1,09:16.7,Myself network score race near live however.
alert196646,txn10096646,suspicious_login,12:47.8,0,,Beat sense produce station leader national space human.
alert177464,txn10077464,unusual_time,47:48.6,0,,Safe father side teacher.
alert196588,txn10096588,frequent_failure,35:35.0,1,35:35.0,Possible special just.
alert127859,txn10027859,frequent_failure,57:59.9,1,57:59.9,Sound dream walk institution particularly.
alert141594,txn10041594,suspicious_login,02:24.4,1,02:24.4,Meet share many carry.
alert122586,txn10022586,unusual_amount,36:05.9,0,,Blood official him yet let fly fire.
alert115347,txn10015347,unusual_amount,21:22.5,0,,Generation last Mr available draw.
alert103720,txn10003720,suspicious_login,09:44.5,1,09:44.5,Remain second something bit.
alert112606,txn10012606,frequent_failure,34:11.2,1,34:11.2,Laugh garden more thousand important myself.
alert166287,txn10066287,frequent_failure,55:35.7,1,06:42.1,Power watch audience very realize knowledge benefit alone.
alert100067,txn10000067,suspicious_login,40:33.2,1,40:33.2,Hard direction none team.
alert175949,txn10075949,frequent_failure,23:04.7,1,23:04.7,Customer officer amount newspaper program read will themselves.
alert198235,txn10098235,unusual_amount,06:26.3,1,06:26.3,Thought become manager develop ok.
alert165754,txn10065754,unusual_time,26:00.5,0,,Mother new call along more drug out within.
alert184946,txn10084946,suspicious_login,37:25.5,1,37:25.5,Successful water money ten girl dark.
alert146554,txn10046554,unusual_amount,50:34.0,1,50:34.0,Act water age scientist commercial drive.
alert174103,txn10074103,unusual_time,24:38.2,1,24:38.2,Must environment apply international however learn.
alert123554,txn10023554,frequent_failure,45:44.8,0,,Sing discussion always avoid though.
alert169105,txn10069105,unusual_time,35:29.0,1,35:29.0,Television sea finally scene daughter blood responsibility.
alert145498,txn10045498,suspicious_login,44:16.0,1,44:16.0,Tonight create bad support.
alert106335,txn10006335,unusual_time,12:42.8,1,12:42.8,Result agreement maybe model sister able.
alert181183,txn10081183,unusual_amount,10:10.6,1,10:10.6,Owner live this visit book manager.
alert181739,txn10081739,frequent_failure,31:03.7,1,31:03.7,Sell after bit.
alert150912,txn10050912,unusual_amount,53:09.5,0,,Experience improve pick less.
alert123023,txn10023023,unusual_time,03:51.9,1,03:51.9,Size despite hotel society enter crime affect family.
alert175213,txn10075213,unusual_amount,44:35.0,1,44:35.0,Level significant agreement work author eat step.
alert174256,txn10074256,unusual_time,53:00.4,1,53:00.4,Western impact smile second play might become.
alert122083,txn10022083,suspicious_login,47:29.5,0,,Set health force memory discussion live too.
alert151198,txn10051198,unusual_time,46:23.8,1,46:23.8,Knowledge project type kind high debate.
alert138509,txn10038509,frequent_failure,03:03.0,1,03:03.0,Leg side bag society something country upon.
alert130440,txn10030440,unusual_amount,05:23.5,1,05:23.5,Tax business them leave not.
alert128543,txn10028543,unusual_amount,33:44.4,1,33:44.4,Involve him wrong wait large likely especially big.
alert172063,txn10072063,frequent_failure,16:04.6,1,16:04.6,Use front push arrive environment.
alert195746,txn10095746,frequent_failure,12:46.5,1,12:46.5,Organization talk action business fight plan such bank.
alert153511,txn10053511,frequent_failure,14:55.8,1,14:55.8,American people thank fire will seven.
alert154139,txn10054139,suspicious_login,44:50.9,1,44:50.9,Blue time very right.
alert104165,txn10004165,suspicious_login,52:45.8,1,52:45.8,Head fear main include.
alert178322,txn10078322,frequent_failure,14:59.2,0,,Real know expect institution.
alert179455,txn10079455,unusual_time,11:54.2,0,,Important develop someone result audience trade theory eight.
alert158011,txn10058011,suspicious_login,59:30.6,1,59:30.6,Rather choice guess laugh.
alert137495,txn10037495,unusual_amount,45:05.7,1,45:05.7,Age purpose expert wonder house ahead send.
alert167774,txn10067774,frequent_failure,59:39.6,1,59:39.6,Give begin response one wife trouble successful.
alert107726,txn10007726,unusual_time,51:37.2,1,51:37.2,Writer health risk start foot serious.
alert185598,txn10085598,unusual_time,31:03.5,1,31:03.5,Morning smile door.
alert158360,txn10058360,suspicious_login,29:14.5,1,29:14.5,Final what nearly wife first and range.
alert118885,txn10018885,frequent_failure,22:21.5,1,22:21.5,Address field go shake amount throughout old.
alert136496,txn10036496,unusual_time,46:50.7,1,46:50.7,Low will water her ever official.
alert108605,txn10008605,unusual_amount,01:08.6,1,01:08.6,Produce ground energy world be talk.
alert182621,txn10082621,frequent_failure,03:00.9,1,03:00.9,Only upon near look meet road safe.
alert126659,txn10026659,unusual_time,59:12.2,1,59:12.2,Education though skill be price.
alert160110,txn10060110,unusual_amount,24:07.3,1,24:07.3,Mother Congress if continue choice behind.
alert137926,txn10037926,unusual_amount,45:38.8,1,45:38.8,International resource up view herself fall of.
alert136658,txn10036658,unusual_time,41:33.6,1,41:33.6,Boy create none.
alert174274,txn10074274,frequent_failure,21:48.8,1,21:48.8,Despite however civil speak life.
alert167859,txn10067859,suspicious_login,26:24.9,1,26:24.9,Determine until claim affect keep.
alert167861,txn10067861,unusual_amount,42:30.9,1,42:30.9,Generation recently method or turn against lot.
alert118230,txn10018230,unusual_time,36:43.9,1,36:43.9,Mention sit thought full explain.
alert157286,txn10057286,unusual_amount,37:42.4,0,,Practice glass nation sign thus ten positive make.
alert135728,txn10035728,suspicious_login,18:47.3,0,,Industry herself order Congress individual property better mother.
alert146752,txn10046752,suspicious_login,57:39.9,1,57:39.9,Hundred project goal bag community natural.
alert199648,txn10099648,unusual_amount,33:00.4,1,33:00.4,By lead compare feeling father.
alert153399,txn10053399,unusual_time,50:20.0,1,50:20.0,Cost production range lead forget quality.
alert192899,txn10092899,unusual_time,28:50.5,1,28:50.5,Anyone cost best hour already list.
alert170493,txn10070493,unusual_time,42:19.3,1,42:19.3,Feeling hair health trade her them far always.
alert133899,txn10033899,frequent_failure,23:56.9,1,23:56.9,Interest a every modern.
alert101915,txn10001915,frequent_failure,26:56.1,1,26:56.1,Operation hour box plant.
alert111690,txn10011690,suspicious_login,01:33.0,1,01:33.0,Management hundred its.
alert106676,txn10006676,unusual_amount,10:02.8,1,10:02.8,Risk rock always last get pattern.
alert117478,txn10017478,frequent_failure,05:48.2,1,05:48.2,Reveal program as check.
alert108151,txn10008151,unusual_amount,43:40.9,1,43:40.9,Most what child want.
alert171881,txn10071881,unusual_amount,39:04.1,0,,Successful center such stand door religious.
alert124415,txn10024415,unusual_time,40:49.6,1,40:49.6,Ability against member purpose.
alert123182,txn10023182,suspicious_login,02:36.0,1,02:36.0,Plan hard claim moment surface.
alert195374,txn10095374,frequent_failure,09:26.0,0,,Green window development worker himself computer.
alert167446,txn10067446,suspicious_login,46:37.6,1,46:37.6,Easy bit green loss number his social.
alert187889,txn10087889,suspicious_login,58:58.9,1,58:58.9,Fish a wonder apply computer.
alert163553,txn10063553,unusual_time,25:04.6,1,25:04.6,Down although member if property.
alert104353,txn10004353,suspicious_login,19:44.0,1,19:44.0,Use reveal senior start way star either Republican.
alert163657,txn10063657,frequent_failure,45:39.8,1,45:39.8,Senior country spring drug experience pull moment suggest.
alert104935,txn10004935,unusual_amount,45:26.5,0,,None me professional soon unit.
alert152936,txn10052936,frequent_failure,58:48.8,1,58:48.8,Get start if arrive compare hundred before.
alert150453,txn10050453,unusual_amount,55:25.5,0,,Suffer mission per goal.
alert177226,txn10077226,unusual_time,21:15.2,1,21:15.2,Often again traditional because.
alert167448,txn10067448,suspicious_login,33:34.7,0,,Statement often later important every wind.
alert122376,txn10022376,suspicious_login,24:55.7,1,24:55.7,Card rock sound model team.
alert127701,txn10027701,frequent_failure,04:28.8,1,04:28.8,Deep film market show win already.
alert160474,txn10060474,frequent_failure,22:41.2,0,,Drug draw city picture.
alert110772,txn10010772,unusual_amount,11:03.3,1,11:03.3,He yet another level.
alert108807,txn10008807,unusual_time,45:24.9,1,45:24.9,Own act beautiful hope spring she body listen.
alert121525,txn10021525,frequent_failure,59:08.8,1,59:08.8,Executive base occur ask trip memory.
alert128504,txn10028504,suspicious_login,22:54.3,1,22:54.3,During left speech family.
alert177316,txn10077316,unusual_amount,38:30.7,1,38:30.7,Other quality know mouth.
alert136930,txn10036930,frequent_failure,36:43.1,1,36:43.1,Reduce sign money the significant.
alert163012,txn10063012,suspicious_login,00:01.7,1,00:01.7,Indicate analysis member throughout.
alert123743,txn10023743,unusual_time,11:56.8,1,11:56.8,Fund hear something them consider movement them.
alert172887,txn10072887,suspicious_login,23:53.5,1,23:53.5,Of pass goal fill bill.
alert176940,txn10076940,frequent_failure,51:26.6,1,51:26.6,Friend page agent improve.
alert121706,txn10021706,suspicious_login,19:40.6,1,19:40.6,Lead tonight dream become fall leave.
alert138744,txn10038744,unusual_amount,59:07.6,1,59:07.6,Police could recognize yard discussion value near.
alert127556,txn10027556,suspicious_login,24:31.6,1,24:31.6,Music break continue present class rock organization man.
alert142594,txn10042594,unusual_time,46:44.3,1,46:44.3,Would research program play trouble size.
alert153793,txn10053793,frequent_failure,21:19.2,0,,Growth suffer science enough short network.
alert188357,txn10088357,suspicious_login,08:13.2,0,,White thought expert arm.
alert138861,txn10038861,unusual_time,03:34.5,1,03:34.5,Leg similar heart candidate value wait partner.
alert171487,txn10071487,unusual_time,32:49.4,1,32:49.4,Actually level discuss with.
alert194215,txn10094215,suspicious_login,15:53.3,1,15:53.3,Positive laugh thank institution him summer staff.
alert195089,txn10095089,unusual_amount,18:34.7,1,18:34.7,Whole sport production tree short voice trip.
alert149956,txn10049956,frequent_failure,21:19.6,1,21:19.6,Late sea on me meet event.
alert162615,txn10062615,frequent_failure,19:54.6,1,19:54.6,Like her pattern cultural air least subject.
alert171403,txn10071403,frequent_failure,59:58.6,1,59:58.6,Friend memory base officer throughout.
alert134082,txn10034082,frequent_failure,55:00.5,1,55:00.5,Occur since parent talk itself.
alert195051,txn10095051,frequent_failure,36:42.4,1,36:42.4,Meeting close billion why quality.
alert134591,txn10034591,unusual_amount,11:33.5,1,11:33.5,Town husband carry course local face.
alert165902,txn10065902,unusual_amount,58:01.8,0,,Specific school so miss clear.
alert182464,txn10082464,unusual_time,44:48.5,1,44:48.5,Clear visit cold decide send.
alert140922,txn10040922,unusual_time,24:41.0,1,24:41.0,Get hair family bar past evening throw manage.
alert137398,txn10037398,unusual_amount,54:11.5,1,54:11.5,Fear until seat.
alert106469,txn10006469,unusual_amount,19:00.4,1,19:00.4,Same when suddenly seat perform marriage.
alert135107,txn10035107,frequent_failure,29:41.6,1,29:41.6,Bar option activity talk film.
alert143782,txn10043782,unusual_time,01:56.2,1,01:56.2,Consumer finally along wall politics drop.
alert189349,txn10089349,frequent_failure,29:29.8,1,29:29.8,Child every strategy lawyer probably three.
alert151386,txn10051386,frequent_failure,59:15.4,1,59:15.4,Suddenly study continue time development.
alert193795,txn10093795,suspicious_login,33:54.1,1,33:54.1,Thus approach establish heart reason fast.
alert129207,txn10029207,frequent_failure,43:23.1,1,43:23.1,Gun join subject major million wall PM.
alert142726,txn10042726,suspicious_login,43:36.6,1,43:36.6,Direction hour seek wait finally west employee.
alert168129,txn10068129,frequent_failure,29:09.2,1,06:42.1,Bank decision position concern according herself.
alert102108,txn10002108,unusual_time,55:57.8,1,55:57.8,Whatever color technology.
alert101888,txn10001888,frequent_failure,56:39.1,1,56:39.1,Product surface enter chance son yet water.
alert168989,txn10068989,frequent_failure,13:07.8,1,06:42.1,Give past interesting billion.
alert105580,txn10005580,frequent_failure,44:26.6,1,44:26.6,Tonight yes house name sound will long.
alert101336,txn10001336,unusual_time,01:24.6,1,01:24.6,Politics consumer once wrong might threat.
alert135806,txn10035806,suspicious_login,39:37.3,1,39:37.3,Sometimes season consider finish need player.
alert103570,txn10003570,frequent_failure,43:54.5,1,43:54.5,See make necessary long.
alert188901,txn10088901,suspicious_login,01:35.4,0,,Travel course power collection develop sign organization.
alert155305,txn10055305,unusual_time,44:11.0,1,44:11.0,Win thing here.
alert186976,txn10086976,suspicious_login,15:03.3,1,15:03.3,Night control mention somebody yes.
alert155885,txn10055885,unusual_amount,09:15.3,1,09:15.3,Situation stay tell example memory social high.
alert194757,txn10094757,frequent_failure,13:08.7,1,13:08.7,Cause throw realize brother explain.
alert174239,txn10074239,frequent_failure,06:16.8,1,06:16.8,Five song country analysis somebody.
alert158043,txn10058043,unusual_time,31:01.8,0,,Standard share design.
alert154470,txn10054470,suspicious_login,34:42.5,1,34:42.5,Picture ten here wrong approach arrive.
alert195375,txn10095375,unusual_time,41:54.3,1,06:42.1,Suggest teacher of ask.
alert187321,txn10087321,suspicious_login,11:09.2,1,11:09.2,Feeling these how four represent.
alert156723,txn10056723,unusual_time,55:03.9,1,55:03.9,Avoid throw water around address.
alert112997,txn10012997,frequent_failure,12:45.2,1,06:42.1,Social recently side allow off when.
alert164626,txn10064626,frequent_failure,45:57.2,1,45:57.2,Seek event position dog.
alert150196,txn10050196,suspicious_login,07:33.0,1,07:33.0,Find successful fast easy.
alert156000,txn10056000,frequent_failure,28:06.4,1,28:06.4,Sport situation fast year media occur thing.
alert152860,txn10052860,unusual_amount,22:24.0,1,22:24.0,Painting difficult start unit half defense return.
alert124857,txn10024857,unusual_amount,11:08.2,1,11:08.2,Husband vote statement even create ahead.
alert113594,txn10013594,unusual_time,17:15.4,1,17:15.4,Place high direction significant.
alert140554,txn10040554,unusual_amount,53:32.5,1,53:32.5,Reduce several local participant court wonder account often.
alert117043,txn10017043,suspicious_login,28:53.4,1,28:53.4,Choose young keep develop know treat.
alert173687,txn10073687,suspicious_login,07:09.5,0,,Benefit analysis agency necessary.
alert147155,txn10047155,unusual_amount,21:52.4,1,21:52.4,Despite stuff type stop where kid country class.
alert174505,txn10074505,suspicious_login,10:37.8,1,10:37.8,Impact find hour single similar feeling happen.
alert109035,txn10009035,unusual_amount,55:08.8,1,55:08.8,Church picture party full prevent building.
alert139937,txn10039937,suspicious_login,34:11.5,1,34:11.5,Other sea none note writer.
alert146579,txn10046579,frequent_failure,18:46.1,1,18:46.1,Smile only change maintain skill next throw.
alert137012,txn10037012,frequent_failure,35:25.5,0,,Many ok despite church might executive do.
alert148970,txn10048970,unusual_amount,46:48.3,0,,Keep writer performance customer discuss.
alert192789,txn10092789,frequent_failure,34:05.2,1,34:05.2,Indicate head lawyer deep offer structure speech.
alert103329,txn10003329,unusual_time,46:27.3,1,46:27.3,North necessary job meeting paper.
alert139888,txn10039888,unusual_amount,33:06.2,1,33:06.2,Carry student study young structure.
alert166688,txn10066688,unusual_amount,38:04.5,1,38:04.5,Key painting cultural work shoulder market.
alert178467,txn10078467,frequent_failure,45:33.1,1,45:33.1,Front activity talk every PM.
alert189365,txn10089365,frequent_failure,43:13.8,1,43:13.8,Reach everybody final provide dinner until.
alert184480,txn10084480,unusual_time,43:54.1,1,43:54.1,Help guy determine far need.
alert109308,txn10009308,suspicious_login,23:31.5,1,23:31.5,Kid green anyone raise deal ago.
alert132074,txn10032074,unusual_time,12:27.0,1,12:27.0,At television cup state trip gas.
alert101950,txn10001950,unusual_amount,31:29.3,1,31:29.3,Risk traditional attorney expect example probably community.
alert173374,txn10073374,frequent_failure,07:16.6,1,07:16.6,Still keep kid trip while keep.
alert140006,txn10040006,unusual_amount,06:51.3,0,,May media audience lawyer face land brother.
alert103132,txn10003132,suspicious_login,04:40.6,0,,Environmental decade popular message remain good.
alert146863,txn10046863,suspicious_login,39:40.2,1,39:40.2,Concern choose leg over wife cold national.
alert166130,txn10066130,unusual_time,19:34.4,1,19:34.4,Reflect present them conference.
alert117663,txn10017663,suspicious_login,11:16.6,1,11:16.6,Or base community bit.
alert153147,txn10053147,suspicious_login,35:18.9,1,35:18.9,Know fly southern draw include.
alert187679,txn10087679,suspicious_login,15:15.0,1,15:15.0,Call under step memory dream itself.
alert103568,txn10003568,unusual_amount,36:25.6,0,,Threat scientist actually lawyer.
alert114420,txn10014420,unusual_time,09:15.6,1,09:15.6,That within south authority understand trip recent.
alert102474,txn10002474,suspicious_login,26:31.1,1,26:31.1,Per ago step.
alert146016,txn10046016,suspicious_login,25:49.6,1,25:49.6,To loss painting PM my lay spring gun.
alert113604,txn10013604,unusual_amount,09:38.5,1,09:38.5,Pm trouble what less whether.
alert191354,txn10091354,unusual_time,31:11.8,1,31:11.8,Enjoy standard go fish name trip hold even.
alert110985,txn10010985,unusual_time,50:23.8,1,50:23.8,Response card realize with rest.
alert143325,txn10043325,unusual_time,53:44.2,1,53:44.2,Indicate enjoy house administration.
alert118554,txn10018554,unusual_amount,35:05.4,1,35:05.4,Move material once method race away value.
alert171628,txn10071628,unusual_time,39:59.1,1,39:59.1,Feel experience live at.
alert117776,txn10017776,frequent_failure,29:27.4,1,29:27.4,These cost number participant.
alert195010,txn10095010,suspicious_login,38:12.5,1,38:12.5,Down detail enter no.
alert150730,txn10050730,suspicious_login,29:54.4,1,29:54.4,If two no.
alert138424,txn10038424,frequent_failure,51:34.7,1,51:34.7,Stay score million third.
alert165467,txn10065467,frequent_failure,42:40.2,1,42:40.2,Turn grow worry low.
alert103426,txn10003426,unusual_time,49:47.2,0,,Place admit study price get at.
alert159097,txn10059097,unusual_time,43:35.5,1,43:35.5,Present husband see manager little rest always.
alert152363,txn10052363,unusual_time,52:56.2,1,06:42.2,At once trial air walk military.
alert143348,txn10043348,suspicious_login,11:22.4,1,11:22.4,Whatever college low tonight maintain.
alert101616,txn10001616,unusual_amount,57:46.2,1,57:46.2,Wrong some partner central name business under.
alert114676,txn10014676,frequent_failure,51:40.1,1,51:40.1,Statement our add always foreign direction.
alert106126,txn10006126,suspicious_login,57:14.9,1,57:14.9,Entire ever election least since mean region.
alert111907,txn10011907,unusual_time,25:46.4,1,25:46.4,Kid economic according hundred check.
alert150390,txn10050390,unusual_time,32:11.6,1,32:11.6,Plant else doctor human office blood nation performance.
alert158484,txn10058484,frequent_failure,00:37.1,1,00:37.1,Detail live interesting purpose maybe safe fill.
alert148986,txn10048986,frequent_failure,11:13.5,1,11:13.5,Worker red same according mention too.
alert120560,txn10020560,unusual_amount,09:21.9,1,09:21.9,Single between put but from daughter growth.
alert176155,txn10076155,frequent_failure,16:44.3,1,16:44.3,Third everybody well anything although.
alert171111,txn10071111,unusual_time,17:53.6,1,17:53.6,Than how property PM school a.
alert106246,txn10006246,unusual_time,56:44.2,1,56:44.2,Expect as certainly war step.
alert192396,txn10092396,unusual_time,09:36.9,0,,Guy research amount interview education grow.
alert178563,txn10078563,frequent_failure,19:37.8,1,19:37.8,Hard amount bring wait.
alert112021,txn10012021,frequent_failure,51:42.7,0,,Middle blood third international.
alert133617,txn10033617,frequent_failure,00:20.2,0,,Agent product pick gas else east.
alert194392,txn10094392,unusual_time,54:42.8,1,54:42.8,Summer lay campaign staff bring also kitchen.
alert179238,txn10079238,unusual_time,35:24.2,1,35:24.2,Investment continue while source on.
alert104604,txn10004604,unusual_amount,53:01.2,1,53:01.2,Oil off issue hair apply strategy everyone.
alert106159,txn10006159,unusual_time,58:39.7,1,58:39.7,Amount court she game else.
alert112470,txn10012470,suspicious_login,31:32.0,1,31:32.0,Security drug box administration small.
alert121389,txn10021389,unusual_amount,02:20.7,1,02:20.7,Lead forget bar parent.
alert129648,txn10029648,unusual_amount,14:59.1,1,14:59.1,Much special example present.
alert198989,txn10098989,frequent_failure,51:32.9,0,,Value yeah fly course experience ago improve bring.
alert183637,txn10083637,unusual_amount,36:20.4,1,36:20.4,Everything allow south.
alert106398,txn10006398,frequent_failure,05:34.2,1,05:34.2,Wall moment whose start rule school team.
alert106777,txn10006777,unusual_amount,43:52.8,1,43:52.8,Such human agency term condition evidence election.
alert171198,txn10071198,suspicious_login,07:25.7,0,,Chair weight leave.
alert193073,txn10093073,unusual_time,09:13.3,1,09:13.3,Although pull song think buy.
alert111997,txn10011997,suspicious_login,54:00.1,0,,Travel amount call impact time.
alert164841,txn10064841,frequent_failure,46:10.8,1,46:10.8,Conference long add daughter play open another.
alert138477,txn10038477,frequent_failure,17:44.0,1,17:44.0,Their affect toward something fall.
alert127811,txn10027811,unusual_time,13:07.7,1,13:07.7,Blue tend help step show.
alert155185,txn10055185,suspicious_login,27:06.0,1,27:06.0,Grow somebody law why blue must check.
alert159878,txn10059878,suspicious_login,19:53.7,0,,Talk left middle pick.
alert167171,txn10067171,frequent_failure,13:29.0,1,06:42.2,Market collection music.
alert198306,txn10098306,frequent_failure,35:55.8,1,35:55.8,Pull not statement need.
alert171899,txn10071899,unusual_amount,27:28.3,1,27:28.3,Interesting early head across yeah must.
alert167179,txn10067179,suspicious_login,20:33.1,1,20:33.1,Happy value season.
alert132436,txn10032436,suspicious_login,30:44.7,1,06:42.2,Still area year reduce.
alert157934,txn10057934,frequent_failure,55:26.8,1,55:26.8,Senior pass able whose prove million.
alert156536,txn10056536,frequent_failure,37:00.3,1,06:42.2,Performance sell newspaper church toward power field.
alert169655,txn10069655,suspicious_login,04:29.0,1,04:29.0,Above north over customer computer a must.
alert195870,txn10095870,suspicious_login,36:51.8,1,36:51.8,Side either air smile writer task.
alert126797,txn10026797,unusual_time,09:03.1,1,09:03.1,Support visit eat occur remember bag.
alert143297,txn10043297,frequent_failure,34:15.7,1,34:15.7,Finish poor throughout.
alert167763,txn10067763,unusual_time,34:14.9,1,34:14.9,Order above edge everybody he realize.
alert184885,txn10084885,frequent_failure,21:41.7,1,21:41.7,Or sure head letter throw soldier.
alert144920,txn10044920,suspicious_login,43:38.9,1,43:38.9,Which avoid style let figure recent.
alert195219,txn10095219,unusual_amount,11:27.7,1,06:42.2,Year loss project mention.
alert196141,txn10096141,unusual_amount,44:18.7,0,,Course exactly item identify young.
alert134163,txn10034163,unusual_time,01:13.6,1,01:13.6,Really position happen base summer.
alert100753,txn10000753,unusual_time,30:07.7,1,30:07.7,Loss event campaign cup tree.
alert124685,txn10024685,frequent_failure,28:54.0,1,28:54.0,Including movie clearly job tough pass.
alert179651,txn10079651,frequent_failure,34:04.6,1,34:04.6,Final air summer article.
alert154920,txn10054920,suspicious_login,08:13.6,1,08:13.6,Over board eat meet.
alert182370,txn10082370,unusual_amount,35:16.1,1,35:16.1,Grow idea live feeling training each bag bring.
alert170862,txn10070862,frequent_failure,14:46.4,1,14:46.4,Huge minute wish receive.
alert130231,txn10030231,unusual_time,58:33.3,1,58:33.3,Man specific else.
alert143742,txn10043742,unusual_amount,36:36.7,1,36:36.7,Poor serious artist.
alert113429,txn10013429,unusual_time,48:36.8,1,48:36.8,Major charge American box your budget manager.
alert134550,txn10034550,unusual_amount,37:02.0,1,37:02.0,With move prepare simple.
alert173234,txn10073234,suspicious_login,58:09.9,1,58:09.9,Employee prepare information form simple be.
alert155982,txn10055982,frequent_failure,53:24.5,1,53:24.5,Deep must while admit mother open road.
alert118090,txn10018090,unusual_amount,07:37.3,1,07:37.3,Management various report certainly.
alert113376,txn10013376,frequent_failure,36:18.1,1,36:18.1,Lay card through ten.
alert130451,txn10030451,unusual_amount,22:08.4,1,22:08.4,Six without result group eight talk foreign radio.
alert161508,txn10061508,unusual_amount,41:50.2,1,41:50.2,Get off each newspaper per discuss result name.
alert110568,txn10010568,suspicious_login,12:06.0,1,12:06.0,Current when option share parent.
alert186969,txn10086969,unusual_time,11:53.5,1,11:53.5,Customer like create player home lose get.
alert117130,txn10017130,frequent_failure,58:00.4,1,58:00.4,Although until factor various.
alert141944,txn10041944,suspicious_login,35:17.6,1,35:17.6,During goal everybody movie.
alert107376,txn10007376,unusual_time,37:42.9,1,37:42.9,Defense media while every administration green gun.
alert150305,txn10050305,unusual_time,35:06.3,1,35:06.3,Door shake need pressure at practice morning.
alert174159,txn10074159,suspicious_login,11:24.5,1,11:24.5,Future consider capital rate.
alert120584,txn10020584,frequent_failure,28:09.9,1,28:09.9,Stock talk suffer free.
alert160176,txn10060176,unusual_amount,59:33.2,1,06:42.2,Check event science fast let care then.
alert138939,txn10038939,unusual_time,30:46.3,0,,Audience really give create.
alert117082,txn10017082,unusual_amount,42:38.7,1,42:38.7,Well result ground type send political left.
alert147253,txn10047253,frequent_failure,25:49.7,1,25:49.7,Cold these support discuss political.
alert137209,txn10037209,suspicious_login,09:07.8,1,09:07.8,Article word skin investment figure hand which.
alert108607,txn10008607,suspicious_login,37:01.6,1,37:01.6,Speech image fund civil have field benefit.
alert118382,txn10018382,unusual_amount,55:29.4,1,55:29.4,Power door site Mr boy act team world.
alert136816,txn10036816,suspicious_login,23:50.0,1,23:50.0,Fact available international believe on little.
alert165714,txn10065714,frequent_failure,38:11.6,1,38:11.6,Now best keep throughout.
alert170875,txn10070875,unusual_amount,15:41.9,1,15:41.9,Not half view him throughout.
alert102759,txn10002759,unusual_time,01:28.4,1,01:28.4,Guess be quite success.
alert100850,txn10000850,unusual_time,47:32.6,0,,Southern answer fly imagine sell.
alert164888,txn10064888,frequent_failure,53:07.6,0,,Several involve nearly point candidate president type tonight.
alert110829,txn10010829,unusual_time,08:22.4,1,08:22.4,Interesting which long almost clear.
alert169366,txn10069366,suspicious_login,11:17.1,1,11:17.1,Perhaps make song.
alert174266,txn10074266,unusual_amount,29:12.5,1,29:12.5,Others us take play step.
alert195416,txn10095416,unusual_amount,16:00.4,1,16:00.4,Land cold thing blood style public.
alert156477,txn10056477,suspicious_login,04:58.8,1,04:58.8,Sing for reach level business citizen many.
alert104880,txn10004880,suspicious_login,00:41.3,0,,Party from guy.
alert112845,txn10012845,suspicious_login,21:48.9,1,21:48.9,Dream should seek leave.
alert178253,txn10078253,unusual_amount,56:51.0,1,56:51.0,Environmental type pay fish.
alert178352,txn10078352,frequent_failure,31:13.1,1,31:13.1,Last thing simply candidate civil.
alert108850,txn10008850,unusual_amount,04:35.0,0,,Bank education eight everybody.
alert155867,txn10055867,unusual_amount,32:49.7,1,32:49.7,Recent concern quickly present investment up size mission.
alert135942,txn10035942,unusual_time,35:21.2,1,35:21.2,Dark eat beyond anything two property American.
alert194169,txn10094169,unusual_amount,01:53.7,1,01:53.7,Business back wonder shoulder form serve.
alert109000,txn10009000,suspicious_login,56:46.6,1,56:46.6,Green former scientist friend always.
alert123063,txn10023063,unusual_time,52:13.9,1,06:42.2,Receive politics American sing change section serious.
alert145112,txn10045112,unusual_amount,19:33.8,1,19:33.8,Himself with door.
alert103667,txn10003667,unusual_amount,32:12.3,1,32:12.3,Hour nearly determine image.
alert157854,txn10057854,unusual_time,42:43.3,1,42:43.3,President forget child rest music important.
alert171627,txn10071627,unusual_time,33:39.0,1,33:39.0,Thing fall rise cost radio.
alert117234,txn10017234,unusual_time,46:44.8,1,46:44.8,Water toward operation building low.
alert169269,txn10069269,suspicious_login,40:50.4,0,,Over dream hold live necessary parent check never.
alert159417,txn10059417,unusual_time,18:23.6,0,,Probably parent side morning attack early.
alert101640,txn10001640,unusual_amount,53:32.3,1,53:32.3,Administration behind score along.
alert139778,txn10039778,frequent_failure,58:43.6,1,58:43.6,Remember affect wind mean.
alert152855,txn10052855,suspicious_login,16:38.4,1,16:38.4,The head standard rest.
alert107934,txn10007934,unusual_time,16:17.0,1,16:17.0,Upon claim term election.
alert146640,txn10046640,frequent_failure,38:29.5,1,38:29.5,Instead use energy result our amount capital.
alert133021,txn10033021,frequent_failure,13:09.8,1,13:09.8,Amount policy short whole.
alert191136,txn10091136,frequent_failure,00:29.8,1,00:29.8,Worker clearly education human man entire.
alert119511,txn10019511,frequent_failure,12:36.5,1,12:36.5,Matter lot indeed indicate popular.
alert153493,txn10053493,unusual_time,03:05.6,0,,Want part group also most full.
alert149205,txn10049205,suspicious_login,21:05.1,1,21:05.1,Contain large great always TV.
alert177979,txn10077979,unusual_amount,06:21.4,1,06:21.4,Ok author dream consumer strategy finally boy.
alert168735,txn10068735,unusual_amount,14:45.8,1,14:45.8,Provide indeed oil mission mind pay.
alert171857,txn10071857,suspicious_login,17:17.5,0,,Dog my research family.
alert120174,txn10020174,unusual_amount,02:55.7,1,02:55.7,Oil others exactly available sign.
alert149236,txn10049236,frequent_failure,17:43.0,1,17:43.0,Film computer drug speech.
alert134197,txn10034197,unusual_amount,58:49.5,0,,Western bring subject.
alert164875,txn10064875,frequent_failure,44:29.2,1,44:29.2,Off remember skin mission.
alert161227,txn10061227,frequent_failure,50:24.8,1,50:24.8,They identify development center out board yourself.
alert167988,txn10067988,unusual_amount,03:13.5,1,03:13.5,Charge who senior choice.
alert141109,txn10041109,suspicious_login,55:41.2,0,,Hold order little lay because camera time prevent.
alert148170,txn10048170,suspicious_login,55:29.2,1,55:29.2,Sometimes analysis issue situation town course together.
alert141792,txn10041792,unusual_time,14:53.4,1,14:53.4,Million physical return make police soon firm probably.
alert151081,txn10051081,frequent_failure,54:10.9,1,54:10.9,Production develop great guess building industry.
alert189320,txn10089320,unusual_time,53:22.3,0,,Participant eight pretty person never for.
alert146901,txn10046901,unusual_time,32:43.0,1,32:43.0,Professor cover in instead mention.
alert152230,txn10052230,unusual_amount,01:36.6,0,,Go usually growth live rest because.
alert154585,txn10054585,frequent_failure,51:29.8,1,51:29.8,Describe deal door law claim his fight.
alert134770,txn10034770,frequent_failure,44:16.6,1,44:16.6,Back play miss realize picture last attorney.
alert199178,txn10099178,frequent_failure,58:32.6,1,06:42.2,Air ago perhaps issue word bring decade.
alert116850,txn10016850,unusual_time,50:33.6,1,50:33.6,Could account my eye mother sell operation teacher.
alert143632,txn10043632,unusual_amount,51:33.0,1,51:33.0,Win reason stuff budget.
alert140265,txn10040265,frequent_failure,44:36.5,1,44:36.5,Stop some method.
alert100491,txn10000491,unusual_amount,20:06.6,1,20:06.6,You stay road discussion last almost job.
alert125789,txn10025789,unusual_amount,09:41.2,0,,Tv adult animal cost cold.
alert109519,txn10009519,frequent_failure,50:29.9,1,50:29.9,Can no memory both section include weight camera.
alert114719,txn10014719,suspicious_login,51:23.8,1,06:42.2,Down however talk about score.
alert170244,txn10070244,suspicious_login,02:57.2,1,06:42.2,Party late front college do.
alert181874,txn10081874,unusual_amount,58:41.1,1,58:41.1,Appear population personal one skill prove.
alert188265,txn10088265,unusual_time,22:49.4,1,22:49.4,Over however little attack under too.
alert182396,txn10082396,suspicious_login,01:47.0,1,01:47.0,Religious clear carry worker relate measure continue.
alert106505,txn10006505,unusual_time,10:04.4,1,10:04.4,Artist sister only growth nearly.
alert118390,txn10018390,unusual_time,21:03.5,1,21:03.5,Address process see sure music.
alert152672,txn10052672,frequent_failure,47:31.2,0,,Degree well prevent piece want church.
alert186414,txn10086414,unusual_amount,11:16.5,1,11:16.5,Half very part million present.
alert172507,txn10072507,unusual_amount,42:14.1,1,42:14.1,Throw soldier scientist tough.
alert108103,txn10008103,unusual_time,14:05.1,1,14:05.1,Part fire middle statement southern special.
alert158516,txn10058516,frequent_failure,30:23.7,1,30:23.7,This price pressure across society world.
alert154113,txn10054113,unusual_amount,53:58.7,1,53:58.7,Our life participant prove language body.
alert106576,txn10006576,suspicious_login,42:37.6,0,,Foot great travel help various difference role.
alert127713,txn10027713,suspicious_login,08:27.7,0,,Million party return determine election opportunity risk.
alert100383,txn10000383,unusual_time,20:05.6,0,,Sound leader very step pass scene nation.
alert145673,txn10045673,unusual_amount,02:49.0,1,02:49.0,Chair foot reveal wide rule.
alert147884,txn10047884,frequent_failure,06:42.2,1,06:42.2,Will people process.
alert183935,txn10083935,unusual_amount,03:46.2,1,03:46.2,These machine reason happy commercial out technology.
alert189205,txn10089205,frequent_failure,48:55.7,1,48:55.7,Mouth with cover free son.
alert130675,txn10030675,suspicious_login,43:27.2,1,43:27.2,Several fill wide natural doctor story single major.
alert114158,txn10014158,unusual_amount,39:45.5,1,39:45.5,Possible here vote rate all decision.
alert147857,txn10047857,unusual_amount,47:57.9,1,47:57.9,Buy camera director west call.
alert199255,txn10099255,unusual_amount,18:57.4,1,18:57.4,Less party church goal ready.
alert173171,txn10073171,unusual_amount,27:28.2,1,27:28.2,Age million mouth fall however ahead option.
alert174209,txn10074209,unusual_time,21:00.0,1,21:00.0,Time Democrat herself available.
alert145428,txn10045428,suspicious_login,26:19.9,1,26:19.9,Point check miss discuss stuff sure.
alert124992,txn10024992,suspicious_login,25:55.0,0,,Conference charge more.
alert117583,txn10017583,unusual_time,28:53.6,1,28:53.6,Pull all develop price inside beautiful hot writer.
alert170674,txn10070674,suspicious_login,24:22.7,1,24:22.7,Point next natural myself foot per.
alert166152,txn10066152,unusual_amount,46:38.9,1,46:38.9,Compare table safe majority suggest exist.
alert117469,txn10017469,suspicious_login,56:42.8,1,56:42.8,Together market family.
alert142231,txn10042231,frequent_failure,55:40.1,1,55:40.1,Understand some poor son most top.
alert157185,txn10057185,suspicious_login,25:44.8,1,25:44.8,Reduce growth sure third television.
alert141802,txn10041802,suspicious_login,27:38.7,1,27:38.7,Amount specific item me resource.
alert147163,txn10047163,frequent_failure,32:23.4,1,32:23.4,Resource too be.
alert133684,txn10033684,frequent_failure,55:55.6,1,55:55.6,People our with public.
alert144466,txn10044466,unusual_amount,04:11.2,1,04:11.2,Require computer return same sort.
alert163488,txn10063488,suspicious_login,04:47.8,1,04:47.8,Deep weight never impact.
alert181834,txn10081834,unusual_amount,37:28.0,0,,After trip send upon within artist want sister.
alert116816,txn10016816,frequent_failure,29:52.8,1,29:52.8,Month indeed wife she continue.
alert107822,txn10007822,frequent_failure,17:34.9,1,17:34.9,Firm machine fish effort majority soon.
alert170561,txn10070561,suspicious_login,03:44.9,1,03:44.9,Raise color commercial money pattern group.
alert139362,txn10039362,suspicious_login,19:32.5,1,19:32.5,Early sea what ever source.
alert124737,txn10024737,unusual_time,39:14.3,1,39:14.3,Future mean foot ask.
alert136121,txn10036121,frequent_failure,45:54.2,0,,Common hundred white next.
alert118212,txn10018212,unusual_amount,41:49.6,1,41:49.6,Hard billion could little.
alert129767,txn10029767,suspicious_login,47:32.7,0,,Project raise measure poor crime establish behavior.
alert115535,txn10015535,frequent_failure,44:07.0,1,44:07.0,Worker hope task able.
alert102344,txn10002344,frequent_failure,24:15.1,1,24:15.1,Measure check bar field then success.
alert175645,txn10075645,frequent_failure,10:45.1,1,10:45.1,Student beyond maintain tonight shoulder.
alert132043,txn10032043,unusual_time,00:35.1,1,00:35.1,Health peace face tend fund late.
alert191062,txn10091062,unusual_amount,48:27.4,1,48:27.4,To trip white smile own.
alert148561,txn10048561,frequent_failure,02:18.0,1,02:18.0,Thus grow six purpose individual.
alert186314,txn10086314,frequent_failure,57:20.2,1,57:20.2,Decide value wish believe thought.
alert126016,txn10026016,suspicious_login,32:17.8,1,32:17.8,You everything paper religious truth effect.
alert178905,txn10078905,unusual_time,59:59.1,1,59:59.1,Race most animal sort public somebody deep just.
alert137827,txn10037827,unusual_amount,02:08.1,1,02:08.1,Others choice strong teacher attention.
alert183168,txn10083168,unusual_amount,05:59.6,1,05:59.6,View begin southern town.
alert191656,txn10091656,unusual_amount,39:06.3,1,39:06.3,Pm behind himself idea.
alert195531,txn10095531,unusual_time,17:04.7,1,06:42.2,Garden road few above management for.
alert135471,txn10035471,unusual_amount,36:29.9,1,36:29.9,Open fear them majority its.
alert181811,txn10081811,frequent_failure,14:56.8,1,14:56.8,Hold democratic turn heart.
alert188933,txn10088933,unusual_amount,03:56.4,1,03:56.4,You during this set.
alert181612,txn10081612,unusual_amount,07:13.0,1,07:13.0,Figure happy result wind.
alert176462,txn10076462,suspicious_login,24:07.2,1,24:07.2,Deal trade serve night.
alert147084,txn10047084,unusual_amount,12:38.7,1,12:38.7,Picture member sound.
alert108491,txn10008491,unusual_time,52:07.0,1,52:07.0,Much forget almost focus.
alert186187,txn10086187,suspicious_login,59:49.2,1,59:49.2,Home fact answer course tell.
alert117696,txn10017696,suspicious_login,34:00.8,1,06:42.2,Language range product cover.
alert150227,txn10050227,suspicious_login,26:52.5,1,26:52.5,Seem north red 1 quality commercial remain course.
alert172497,txn10072497,unusual_amount,49:27.1,0,,Pay improve create toward less he.
alert198711,txn10098711,unusual_amount,08:51.6,1,08:51.6,Baby figure former without reduce realize role.
alert137011,txn10037011,suspicious_login,36:54.0,1,36:54.0,Military billion keep lay clear knowledge know.
alert113416,txn10013416,frequent_failure,31:26.6,1,31:26.6,Find purpose wait interesting another low level.
alert173443,txn10073443,frequent_failure,28:03.8,1,28:03.8,Drive voice billion feeling structure billion century leave.
alert125846,txn10025846,unusual_amount,00:59.3,1,00:59.3,Ahead success case better teach.
alert140855,txn10040855,frequent_failure,12:59.1,1,12:59.1,Technology send success energy plant staff will.
alert140946,txn10040946,frequent_failure,45:40.2,1,45:40.2,Wear become imagine score figure democratic plant size.
alert169410,txn10069410,unusual_amount,54:19.9,1,54:19.9,Air glass person believe hope mind little.
alert136565,txn10036565,frequent_failure,28:47.8,1,28:47.8,Contain season hotel thousand.
alert193617,txn10093617,unusual_time,56:07.5,0,,None anyone second direction professor future.
alert186507,txn10086507,unusual_amount,17:03.2,0,,Real old television full.
alert175959,txn10075959,frequent_failure,25:34.5,1,25:34.5,Wind memory if success remain.
alert198915,txn10098915,frequent_failure,42:13.0,1,42:13.0,Fill character none none man decade.
alert193581,txn10093581,unusual_time,01:01.8,1,01:01.8,Phone fly of need.
alert155350,txn10055350,unusual_amount,05:54.2,1,05:54.2,Nation partner military amount probably center.
alert106686,txn10006686,unusual_time,42:19.1,1,42:19.1,Very identify step sit eat.
alert149534,txn10049534,unusual_time,22:04.0,1,22:04.0,Continue research thing although their cover.
alert188174,txn10088174,frequent_failure,07:22.5,1,07:22.5,Whole pretty account.
alert127386,txn10027386,unusual_amount,19:32.6,1,19:32.6,Table material term market security type.
alert118403,txn10018403,suspicious_login,08:44.0,1,08:44.0,Significant response maybe church about politics.
alert110014,txn10010014,suspicious_login,30:42.3,1,30:42.3,Act myself his spring.
alert117104,txn10017104,frequent_failure,10:35.7,0,,Report while must start point player bag recognize.
alert183977,txn10083977,suspicious_login,39:39.7,1,39:39.7,Support wonder assume effort.
alert192436,txn10092436,unusual_amount,02:20.2,1,02:20.2,Read picture local spend she.
alert125835,txn10025835,suspicious_login,17:47.9,1,17:47.9,Concern activity argue send science possible himself hard.
alert187699,txn10087699,unusual_amount,50:44.9,1,50:44.9,Girl body behind be physical nearly.
alert124168,txn10024168,frequent_failure,16:00.5,1,16:00.5,Clearly still family sometimes.
alert162002,txn10062002,frequent_failure,43:49.6,0,,More serve its feel owner Republican nature stop.
alert198238,txn10098238,unusual_amount,53:10.1,1,53:10.1,Third sometimes fly way capital traditional.
alert170676,txn10070676,unusual_amount,16:19.4,1,16:19.4,Owner college through present raise feeling.
alert145777,txn10045777,unusual_time,47:14.9,1,47:14.9,Prove particular whose today score back.
alert111408,txn10011408,unusual_time,52:04.9,1,52:04.9,Anyone training doctor improve building.
alert139760,txn10039760,suspicious_login,44:49.8,1,44:49.8,Write back so every animal lot.
alert172382,txn10072382,unusual_amount,34:32.8,1,34:32.8,Whatever adult building social message market.
alert193877,txn10093877,frequent_failure,35:54.0,1,35:54.0,Source great ahead color include very.
alert155691,txn10055691,unusual_time,07:56.6,1,07:56.6,Protect like gun case.
alert125655,txn10025655,suspicious_login,23:58.3,1,23:58.3,Way involve send.
alert198918,txn10098918,suspicious_login,06:23.1,1,06:23.1,Us full whose live around.
alert125508,txn10025508,unusual_time,18:13.0,1,18:13.0,Cultural new represent democratic.
alert106099,txn10006099,frequent_failure,05:55.9,1,05:55.9,Letter enter age policy bar because.
alert195356,txn10095356,unusual_amount,56:33.3,1,06:42.2,May treatment about quality.
alert110708,txn10010708,suspicious_login,24:51.3,1,24:51.3,Shake popular measure case commercial.
alert168814,txn10068814,unusual_time,57:45.4,1,57:45.4,Seat hair cost consider skill look.
alert124656,txn10024656,suspicious_login,37:00.2,1,37:00.2,Follow then its suddenly growth keep.
alert197673,txn10097673,unusual_time,51:26.0,1,51:26.0,Stop instead both middle response rich various.
alert146677,txn10046677,unusual_time,04:04.1,1,04:04.1,Product reduce argue.
alert110993,txn10010993,unusual_time,36:31.9,1,36:31.9,Remember student step several image together resource.
alert151466,txn10051466,suspicious_login,56:20.9,1,56:20.9,Wish indicate risk news agreement third dream city.
alert158825,txn10058825,unusual_time,00:04.1,0,,Few part week environment foreign enjoy.
alert183970,txn10083970,unusual_amount,05:35.4,1,05:35.4,Area stage already always.
alert165090,txn10065090,suspicious_login,37:38.4,0,,Measure relationship fish human official quite argue.
alert192001,txn10092001,suspicious_login,35:06.2,1,35:06.2,We animal keep accept wish effort.
alert176343,txn10076343,suspicious_login,29:36.6,1,29:36.6,Set score voice mind audience ok.
alert119727,txn10019727,unusual_amount,14:14.3,1,14:14.3,Daughter positive hard play.
alert127266,txn10027266,unusual_time,49:06.9,1,06:42.2,Just figure start rule billion dinner.
alert116601,txn10016601,unusual_time,03:25.6,1,03:25.6,Popular hard make.
alert139765,txn10039765,unusual_amount,08:52.0,1,08:52.0,Hold imagine politics art article.
alert142445,txn10042445,unusual_amount,37:57.1,1,37:57.1,Doctor director serve none still measure.
alert187403,txn10087403,suspicious_login,51:17.0,1,51:17.0,Station morning standard.
alert196069,txn10096069,frequent_failure,37:00.1,1,37:00.1,Life Democrat know son.
alert177793,txn10077793,unusual_time,01:11.7,1,01:11.7,Result it apply.
alert104627,txn10004627,unusual_amount,44:16.4,1,44:16.4,Part along after indeed cover prepare.
alert110473,txn10010473,suspicious_login,48:51.8,1,48:51.8,Size piece also east.
alert138148,txn10038148,frequent_failure,12:53.8,0,,Order stand realize marriage.
alert117029,txn10017029,frequent_failure,55:27.3,1,55:27.3,Wrong right action interest able design.
alert171786,txn10071786,unusual_time,19:26.2,1,19:26.2,Safe order wife individual catch position.
alert140206,txn10040206,unusual_time,35:37.7,1,35:37.7,Simply power series.
alert110464,txn10010464,suspicious_login,34:39.3,1,34:39.3,Society meet picture situation stay middle air.
alert130975,txn10030975,unusual_time,53:54.8,1,53:54.8,Exist environment gas foot my different across art.
alert156401,txn10056401,unusual_amount,59:32.0,1,59:32.0,Lead big also sing there.
alert158399,txn10058399,unusual_time,26:31.9,1,26:31.9,Century foreign perform speak task guess.
alert157829,txn10057829,unusual_amount,54:17.4,1,54:17.4,However source music glass prove really record expect.
alert156204,txn10056204,frequent_failure,04:55.3,1,04:55.3,Low represent little for box.
alert102076,txn10002076,suspicious_login,56:51.2,1,56:51.2,Near growth section size campaign.
alert105405,txn10005405,frequent_failure,22:58.7,1,22:58.7,Store director benefit which.
alert117751,txn10017751,unusual_amount,37:36.0,1,37:36.0,Rise born coach much church.
alert142530,txn10042530,unusual_time,54:54.0,0,,Through population event.
alert137565,txn10037565,unusual_time,41:32.0,1,41:32.0,Black occur suffer long allow.
alert137670,txn10037670,frequent_failure,03:58.6,1,03:58.6,Truth might market understand before indeed wait door.
alert117819,txn10017819,unusual_time,29:32.3,1,29:32.3,Way remain behavior either one include.
alert143039,txn10043039,frequent_failure,56:58.2,1,56:58.2,So either price doctor.
alert172262,txn10072262,unusual_amount,45:59.5,1,45:59.5,Far movement participant structure final.
alert197000,txn10097000,frequent_failure,41:46.6,1,41:46.6,Hard leave baby control prevent.
alert199619,txn10099619,unusual_time,52:51.3,0,,Tonight than hotel arm court east member.
alert128398,txn10028398,unusual_time,19:51.7,1,19:51.7,Enough help want development surface PM middle reach.
alert167875,txn10067875,unusual_amount,00:13.6,1,00:13.6,Culture public first thousand charge.
alert198588,txn10098588,suspicious_login,58:11.4,1,58:11.4,Material blood admit piece.
alert112054,txn10012054,frequent_failure,42:23.3,1,42:23.3,Crime could allow beautiful water majority red.
alert123437,txn10023437,suspicious_login,58:44.6,1,58:44.6,Stay just down statement.
alert172687,txn10072687,unusual_time,15:06.2,1,15:06.2,Appear decide rule poor.
alert171154,txn10071154,frequent_failure,15:14.9,1,15:14.9,Matter compare big reveal garden able.
alert194475,txn10094475,unusual_amount,13:27.8,1,13:27.8,Improve opportunity nearly establish pull.
alert158614,txn10058614,frequent_failure,42:25.2,1,42:25.2,Amount life high often.
alert138798,txn10038798,unusual_time,13:56.9,1,13:56.9,Old cold who win century population understand water.
alert122551,txn10022551,unusual_amount,14:59.2,1,14:59.2,Political rest need allow theory.
alert189896,txn10089896,unusual_time,15:36.7,1,15:36.7,Fall get his hundred play matter may.
alert159043,txn10059043,frequent_failure,20:18.4,0,,Training bag weight since help.
alert154967,txn10054967,unusual_time,28:07.6,1,28:07.6,Or every lawyer scientist detail little group.
alert111225,txn10011225,unusual_amount,24:30.2,1,24:30.2,Test order national less which.
alert165210,txn10065210,suspicious_login,17:48.4,1,17:48.4,None prevent walk when popular.
alert132584,txn10032584,unusual_time,04:18.3,0,,Movement cultural consider whether nature finish.
alert103615,txn10003615,unusual_amount,49:19.3,1,49:19.3,Group sport hospital cost officer industry seven.
alert130568,txn10030568,unusual_time,36:47.0,1,36:47.0,Ahead business whether.
alert158051,txn10058051,suspicious_login,22:25.5,0,,Southern others here parent back as hour beyond.
alert195882,txn10095882,frequent_failure,02:52.1,1,02:52.1,Low exactly project against.
alert192831,txn10092831,suspicious_login,48:15.9,1,48:15.9,Effect develop government actually effort newspaper.
alert196669,txn10096669,frequent_failure,13:43.4,1,06:42.2,Imagine keep nearly especially movement certainly beyond.
alert120473,txn10020473,unusual_time,45:38.1,1,45:38.1,For year effect four world.
alert191499,txn10091499,suspicious_login,51:39.6,1,51:39.6,Two rate I he call how begin piece.
alert157075,txn10057075,suspicious_login,41:01.0,0,,Teacher usually believe theory whatever.
alert117030,txn10017030,suspicious_login,41:38.8,1,41:38.8,He scientist ok reality near.
alert150803,txn10050803,frequent_failure,01:32.3,1,01:32.3,World chance message suddenly under cup article.
alert102348,txn10002348,unusual_amount,45:58.6,1,45:58.6,Event everybody individual fall budget money.
alert127265,txn10027265,unusual_time,13:44.9,1,13:44.9,Response pull its address drug stay firm.
alert130279,txn10030279,unusual_time,11:46.0,1,11:46.0,Mission world then imagine southern step.
alert165771,txn10065771,unusual_time,30:57.9,1,30:57.9,I word site.
alert178671,txn10078671,suspicious_login,02:38.3,1,02:38.3,Lead raise watch lawyer.
alert148302,txn10048302,unusual_amount,10:16.9,1,10:16.9,Likely condition respond might.
alert189087,txn10089087,frequent_failure,49:07.2,1,49:07.2,Say drop piece sea speak price.
alert171332,txn10071332,suspicious_login,10:13.9,1,10:13.9,Part Republican himself college figure.
alert108604,txn10008604,suspicious_login,06:07.5,1,06:07.5,Plan stay list treatment pick.
alert120831,txn10020831,suspicious_login,00:52.1,1,00:52.1,Any Republican understand too fine start everyone.
alert141811,txn10041811,suspicious_login,55:23.3,1,55:23.3,Pm interesting reduce war second scene.
alert193713,txn10093713,unusual_time,23:38.1,0,,Benefit open son within four.
alert181814,txn10081814,unusual_time,29:21.5,1,29:21.5,Industry mention rate culture.
alert140272,txn10040272,suspicious_login,30:35.4,1,30:35.4,History special everything reason song possible Mrs budget.
alert144093,txn10044093,unusual_amount,29:41.1,1,29:41.1,Through ten professor PM feeling agency society.
alert172998,txn10072998,suspicious_login,38:33.3,1,38:33.3,Need although game safe provide.
alert192970,txn10092970,frequent_failure,26:31.0,1,26:31.0,Central three maintain recognize board before.
alert131819,txn10031819,frequent_failure,18:45.3,1,18:45.3,Assume action focus fine simply away animal.
alert120970,txn10020970,unusual_amount,44:16.7,0,,Front poor officer condition our for will.
alert136380,txn10036380,unusual_amount,02:49.9,0,,Education field serve floor.
alert148439,txn10048439,frequent_failure,12:13.9,1,12:13.9,Music industry nothing.
alert166084,txn10066084,unusual_amount,02:39.4,1,02:39.4,Scientist back art single speech fight sit.
alert118371,txn10018371,frequent_failure,19:55.6,0,,Three protect somebody strategy.
alert126213,txn10026213,frequent_failure,13:01.5,1,13:01.5,Yet necessary free produce charge according.
alert193000,txn10093000,unusual_amount,44:06.8,1,44:06.8,Provide common heart company require fine.
alert121713,txn10021713,unusual_amount,56:44.1,1,56:44.1,Phone little letter model off speech social.
alert190017,txn10090017,frequent_failure,16:44.8,1,16:44.8,Discuss trouble hot standard brother either admit.
alert107712,txn10007712,unusual_amount,40:41.3,1,40:41.3,Herself police especially model beyond.
alert199897,txn10099897,unusual_amount,05:20.8,1,05:20.8,Director report around.
alert177561,txn10077561,unusual_amount,46:58.3,0,,Defense gun life standard.
alert190146,txn10090146,suspicious_login,04:12.0,1,04:12.0,Read marriage tonight often.
alert149055,txn10049055,suspicious_login,10:38.6,1,10:38.6,All research wear I with.
alert147693,txn10047693,unusual_amount,51:08.6,1,51:08.6,Less office institution society seem figure.
alert193629,txn10093629,frequent_failure,28:19.4,1,28:19.4,Story also help special leader institution production different.
alert171244,txn10071244,suspicious_login,59:18.6,1,59:18.6,Maintain help court floor he wall.
alert107275,txn10007275,suspicious_login,44:31.1,1,44:31.1,I box notice off daughter.
alert135960,txn10035960,frequent_failure,27:57.8,0,,Find blood practice three improve really.
alert126383,txn10026383,frequent_failure,32:42.4,1,32:42.4,Ask rather dark effect almost maintain appear offer.
alert192608,txn10092608,unusual_amount,01:45.3,1,01:45.3,Get management rest center.
alert129442,txn10029442,unusual_time,24:19.1,1,24:19.1,State similar easy hold.
alert148639,txn10048639,unusual_time,36:13.5,1,36:13.5,Less threat knowledge anyone show factor.
alert128480,txn10028480,suspicious_login,59:26.2,1,59:26.2,Both defense trouble community goal happy fill.
alert160540,txn10060540,suspicious_login,50:06.8,1,50:06.8,Eat money trip throughout fly in.
alert121842,txn10021842,unusual_amount,16:59.7,1,16:59.7,Republican staff despite image hair I.
alert157216,txn10057216,unusual_amount,46:41.7,1,46:41.7,Cup attention leave billion democratic around house environment.
alert169504,txn10069504,unusual_amount,07:54.6,1,07:54.6,Somebody nation between ball.
alert108630,txn10008630,unusual_time,53:13.4,1,53:13.4,Both serve few.
alert176294,txn10076294,frequent_failure,04:50.6,1,04:50.6,Computer herself answer anyone officer.
alert163974,txn10063974,frequent_failure,57:55.5,1,57:55.5,The stock again manage teacher her dog.
alert171196,txn10071196,frequent_failure,52:32.4,1,52:32.4,First prepare price thought win listen course coach.
alert183104,txn10083104,suspicious_login,00:39.4,1,00:39.4,Sort between friend evidence.
alert106558,txn10006558,unusual_time,29:01.3,1,29:01.3,Return exactly traditional.
alert107065,txn10007065,unusual_amount,08:54.2,1,08:54.2,Cover person culture.
alert143937,txn10043937,frequent_failure,19:59.0,1,19:59.0,Agency none such bad.
alert153408,txn10053408,unusual_amount,23:17.6,1,23:17.6,Skill recognize just focus know.
alert136510,txn10036510,unusual_amount,33:57.4,1,33:57.4,Watch case information because six sound science.
alert131187,txn10031187,unusual_time,34:44.6,1,34:44.6,Coach perhaps operation.
alert164347,txn10064347,unusual_amount,56:17.1,1,56:17.1,Thank whom generation consider part too.
alert139250,txn10039250,frequent_failure,36:24.3,1,36:24.3,Stay recognize job more.
alert198113,txn10098113,unusual_amount,32:26.6,1,32:26.6,Former hope almost stock.
alert167592,txn10067592,suspicious_login,58:32.0,1,58:32.0,Note away live here.
alert163354,txn10063354,unusual_time,23:42.6,1,23:42.6,Career evidence respond amount TV live.
alert108981,txn10008981,unusual_amount,44:09.0,1,44:09.0,Receive society citizen system he.
alert130943,txn10030943,unusual_amount,57:25.0,1,57:25.0,Often in explain which bag.
alert165442,txn10065442,suspicious_login,07:07.4,1,07:07.4,Approach garden different business draw.
alert134712,txn10034712,suspicious_login,15:01.7,1,15:01.7,Order develop my friend.
alert186625,txn10086625,frequent_failure,50:14.5,1,50:14.5,Seek let across itself paper impact.
alert111710,txn10011710,frequent_failure,56:49.5,1,56:49.5,Defense cell purpose key could worry history floor.
alert161576,txn10061576,frequent_failure,05:26.1,1,05:26.1,Speech fact than issue oil single letter.
alert166622,txn10066622,suspicious_login,00:36.0,1,00:36.0,Participant popular production arm.
alert122679,txn10022679,unusual_time,02:26.7,1,02:26.7,Itself side cover player peace.
alert134361,txn10034361,suspicious_login,27:27.2,1,27:27.2,Protect conference score skin interest art.
alert123014,txn10023014,suspicious_login,51:30.6,1,51:30.6,Position need police very agree Mrs tax.
alert158590,txn10058590,suspicious_login,52:15.8,1,52:15.8,Audience and size into chair face assume.
alert158787,txn10058787,unusual_time,52:25.8,1,52:25.8,Include road house her newspaper.
alert107361,txn10007361,unusual_time,40:51.9,1,40:51.9,Various term mission bed front prove.
alert110132,txn10010132,unusual_time,32:21.5,1,32:21.5,Agency require foot early kind on occur.
alert174796,txn10074796,suspicious_login,03:04.1,1,03:04.1,Soon parent cost book design time.
alert159678,txn10059678,unusual_time,13:41.9,1,13:41.9,Meet painting agreement open line.
alert185633,txn10085633,unusual_amount,34:40.0,1,34:40.0,Finish certain policy real.
alert116284,txn10016284,unusual_time,50:37.9,1,50:37.9,Professor four lawyer candidate.
alert132840,txn10032840,unusual_time,09:09.4,0,,Lot sell according fine part side since war.
alert190820,txn10090820,unusual_amount,38:25.2,1,38:25.2,Student worry ask personal.
alert135906,txn10035906,unusual_time,51:22.6,1,51:22.6,Capital sister create main.
alert191746,txn10091746,unusual_time,50:01.8,1,50:01.8,Also million along which culture hard.
alert194372,txn10094372,unusual_amount,12:56.0,1,12:56.0,Part important send this face sea.
alert178325,txn10078325,frequent_failure,20:57.3,1,20:57.3,Always need impact explain customer.
alert104007,txn10004007,unusual_amount,07:31.3,1,07:31.3,Indeed full herself city dinner nation beat.
alert194305,txn10094305,suspicious_login,42:14.6,1,42:14.6,Hit anything inside.
alert189723,txn10089723,frequent_failure,59:10.2,1,59:10.2,Number decision fast those understand leave.
alert134608,txn10034608,unusual_time,34:20.3,1,34:20.3,Rate field indeed including serve.
alert108392,txn10008392,unusual_amount,07:05.8,1,07:05.8,Security yeah democratic head total bill recently force.
alert179777,txn10079777,unusual_time,08:25.4,1,08:25.4,Board college fall matter grow city.
alert111181,txn10011181,unusual_time,38:34.2,1,38:34.2,Push bar hair ago history suddenly.
alert196517,txn10096517,frequent_failure,20:24.2,1,20:24.2,Whole painting door.
alert187570,txn10087570,frequent_failure,30:56.6,1,30:56.6,Usually idea hold sell oil.
alert136884,txn10036884,unusual_amount,03:51.7,1,03:51.7,Forget last who official.
alert105308,txn10005308,unusual_amount,49:09.6,0,,Computer manage organization debate people industry live.
alert114361,txn10014361,unusual_time,21:22.6,1,21:22.6,Actually many eye poor stage response.
alert122046,txn10022046,frequent_failure,47:43.5,1,47:43.5,Meeting fly us free feeling.
alert143925,txn10043925,suspicious_login,28:40.9,1,28:40.9,Great window over.
alert171910,txn10071910,unusual_amount,30:09.1,0,,Body left financial sometimes determine.
alert153508,txn10053508,unusual_amount,29:55.8,1,29:55.8,Child bed professional type man.
alert136879,txn10036879,suspicious_login,59:08.2,0,,Family control per smile rather nor first.
alert119345,txn10019345,frequent_failure,15:38.0,1,15:38.0,To growth him relate.
alert104200,txn10004200,frequent_failure,49:44.1,1,49:44.1,Challenge themselves sit here.
alert199797,txn10099797,suspicious_login,47:04.5,1,47:04.5,Town state nearly music bad.
alert133627,txn10033627,unusual_amount,43:02.2,1,06:42.2,Else people affect dinner final government first.
alert163010,txn10063010,unusual_amount,55:10.2,1,55:10.2,Manage family moment recently thus.
alert174793,txn10074793,unusual_amount,21:28.3,1,21:28.3,Seven could military technology some.
alert193876,txn10093876,frequent_failure,55:36.4,1,55:36.4,Least year which for.
alert123272,txn10023272,suspicious_login,28:03.5,1,28:03.5,Class these white political career popular address vote.
alert183674,txn10083674,suspicious_login,01:43.1,1,01:43.1,Major during change at growth business.
alert164057,txn10064057,unusual_time,32:38.9,1,32:38.9,With question threat history so.
alert102373,txn10002373,unusual_amount,18:47.8,1,18:47.8,Garden between first become loss continue.
alert139517,txn10039517,suspicious_login,08:02.6,0,,Suggest baby television article.
alert149753,txn10049753,frequent_failure,12:49.8,1,12:49.8,Quickly partner until.
alert156282,txn10056282,frequent_failure,49:05.8,1,49:05.8,Long chair best four tonight coach firm example.
alert101390,txn10001390,unusual_time,37:55.0,0,,Full lay political natural actually push ask.
alert160664,txn10060664,frequent_failure,19:05.3,1,19:05.3,Create conference member bed by mention finally particularly.
alert180818,txn10080818,unusual_time,56:01.0,1,56:01.0,Few offer talk avoid usually tree appear.
alert141649,txn10041649,frequent_failure,31:07.0,1,31:07.0,Show into country raise suffer.
alert158869,txn10058869,unusual_amount,52:40.5,0,,Plant know big response news student present.
alert129770,txn10029770,unusual_time,59:31.7,1,59:31.7,Wind him off involve coach likely best.
alert198337,txn10098337,suspicious_login,08:23.7,1,08:23.7,Agency medical manage officer pressure simply move.
alert148592,txn10048592,unusual_time,27:51.5,1,27:51.5,Very city grow religious sister I deep tax.
alert179231,txn10079231,suspicious_login,56:42.8,1,56:42.8,Than someone year week.
alert175587,txn10075587,unusual_time,49:26.3,1,49:26.3,To case field dream enter at.
alert152399,txn10052399,frequent_failure,50:56.5,1,50:56.5,Perform rate specific father to official.
alert179902,txn10079902,unusual_amount,06:52.4,1,06:52.4,Dinner him sound good.
alert105838,txn10005838,frequent_failure,35:52.9,0,,College black green process spend through letter.
alert157383,txn10057383,frequent_failure,30:50.7,1,30:50.7,Assume marriage may most.
alert166859,txn10066859,suspicious_login,35:12.0,1,35:12.0,Note land want realize building.
alert110932,txn10010932,unusual_time,45:42.9,0,,Race music north wait listen base.
alert152105,txn10052105,frequent_failure,13:12.0,1,13:12.0,One they affect paper note condition listen important.
alert164907,txn10064907,unusual_amount,20:54.7,1,20:54.7,Vote different benefit trouble for evening first.
alert136144,txn10036144,unusual_amount,52:55.5,1,52:55.5,Particular perhaps behavior score power environmental.
alert102950,txn10002950,unusual_time,18:31.7,1,18:31.7,Past laugh color write trade history.
alert198557,txn10098557,frequent_failure,46:02.4,1,46:02.4,Everything church about strong.
alert112357,txn10012357,unusual_amount,47:16.0,0,,Along issue sport rich.
alert194548,txn10094548,suspicious_login,36:03.2,1,36:03.2,Sometimes space relate others western.
alert153218,txn10053218,frequent_failure,56:51.3,1,56:51.3,Bag society film catch report hospital.
alert179185,txn10079185,unusual_amount,00:24.2,1,00:24.2,Speech although win get.
alert173406,txn10073406,suspicious_login,06:49.8,1,06:49.8,Interview Mr three politics girl rule share.
alert131996,txn10031996,suspicious_login,10:21.6,1,10:21.6,Population analysis American project small.
alert127396,txn10027396,suspicious_login,16:17.4,1,16:17.4,Section often teacher arrive land edge wind our.
alert123443,txn10023443,unusual_amount,21:09.9,1,21:09.9,Inside information risk dark general near book.
alert147306,txn10047306,suspicious_login,25:07.2,1,25:07.2,Develop reason really sure answer east across.
alert177037,txn10077037,frequent_failure,27:57.1,1,27:57.1,Attorney people somebody series campaign street life.
alert142196,txn10042196,suspicious_login,49:20.7,1,49:20.7,Store camera use soon wear.
alert103355,txn10003355,frequent_failure,07:09.6,0,,Action nearly total his take piece avoid.
alert120695,txn10020695,suspicious_login,44:10.5,1,44:10.5,Them culture why short environmental Mrs.
alert118739,txn10018739,suspicious_login,44:52.8,1,44:52.8,Board thought easy body care little although piece.
alert197914,txn10097914,frequent_failure,14:29.8,1,14:29.8,There available time born.
alert148625,txn10048625,frequent_failure,29:44.8,1,29:44.8,Report term from anything think skin.
alert166366,txn10066366,suspicious_login,34:55.8,1,34:55.8,Line from cold.
alert144312,txn10044312,suspicious_login,17:27.8,1,17:27.8,Finally parent society cell actually activity.
alert122520,txn10022520,unusual_amount,39:15.8,1,39:15.8,Quickly determine account pressure effect such member event.
alert187807,txn10087807,unusual_time,25:34.7,0,,Raise indeed protect term skin reduce sometimes.
alert161831,txn10061831,frequent_failure,07:05.3,0,,Bill out pass set enjoy teacher myself none.
alert132728,txn10032728,suspicious_login,44:07.8,1,44:07.8,Cause class size at even affect between.
alert177607,txn10077607,suspicious_login,32:26.5,0,,Official lawyer something something word charge.
alert173088,txn10073088,unusual_amount,38:44.3,1,38:44.3,Whole party check very see look management.
alert171708,txn10071708,unusual_amount,00:18.3,0,,Future maybe wrong stay.
alert173078,txn10073078,unusual_amount,19:46.2,1,19:46.2,Put thousand reflect hair.
alert165609,txn10065609,frequent_failure,57:06.8,1,57:06.8,Wish already mission.
alert117952,txn10017952,unusual_amount,30:04.2,1,30:04.2,Customer upon will away then despite.
alert134629,txn10034629,frequent_failure,56:53.7,1,56:53.7,Sort actually focus require population spring institution.
alert110803,txn10010803,unusual_time,34:44.6,0,,Turn ago tend look eight business short once.
alert193044,txn10093044,unusual_amount,32:40.0,0,,Family face shoulder if spring newspaper.
alert165259,txn10065259,unusual_amount,47:34.4,0,,Church increase that drop yourself.
alert101269,txn10001269,frequent_failure,27:24.5,0,,Water half edge card spring leg.
alert137801,txn10037801,unusual_amount,11:22.1,1,11:22.1,Who movement capital experience.
alert143434,txn10043434,unusual_time,24:51.2,1,24:51.2,Forward computer pick.
alert120872,txn10020872,unusual_time,04:21.3,1,04:21.3,Business food read there significant risk.
alert166621,txn10066621,unusual_amount,18:31.0,1,18:31.0,Assume quite body recognize result bad question.
alert109738,txn10009738,frequent_failure,49:17.4,1,49:17.4,Ago where civil.
alert122425,txn10022425,frequent_failure,15:50.7,1,15:50.7,Heart class too about.
alert157387,txn10057387,unusual_amount,14:33.3,0,,Past large Congress front born type.
alert150232,txn10050232,unusual_time,55:58.8,1,55:58.8,Foot money human bank.
alert176352,txn10076352,suspicious_login,12:16.8,1,12:16.8,Own many son already.
alert145534,txn10045534,suspicious_login,37:50.1,1,37:50.1,Gas around recent floor.
alert134931,txn10034931,unusual_amount,06:08.1,1,06:08.1,Rest oil especially research employee research.
alert186328,txn10086328,unusual_time,06:22.9,1,06:22.9,Son yourself case too system raise cause executive.
alert182094,txn10082094,unusual_amount,26:29.3,1,26:29.3,Where boy three tonight table upon raise.
alert140717,txn10040717,unusual_time,47:48.8,1,47:48.8,Which box consider require.
alert181491,txn10081491,suspicious_login,31:15.3,0,,Detail authority society 1 power shake mouth.
alert160721,txn10060721,unusual_time,05:28.8,1,05:28.8,Certainly anything air.
alert197714,txn10097714,frequent_failure,37:53.4,1,37:53.4,Of hour soon onto move instead public usually.
alert145515,txn10045515,frequent_failure,46:11.4,1,46:11.4,Miss scientist born military respond clear off.
alert174652,txn10074652,unusual_amount,09:02.7,0,,Democratic make source method.
alert151952,txn10051952,unusual_time,03:35.9,1,03:35.9,Base rule thought will herself nation woman.
alert124940,txn10024940,unusual_amount,17:49.7,1,17:49.7,Cost authority scene feeling piece.
alert189991,txn10089991,frequent_failure,44:51.6,1,44:51.6,Factor market great because begin.
alert161694,txn10061694,suspicious_login,27:34.2,1,27:34.2,Pattern during since conference future.
alert120276,txn10020276,suspicious_login,59:09.6,1,59:09.6,Family letter clearly list.
alert187126,txn10087126,frequent_failure,12:55.9,1,12:55.9,Car policy figure really industry ask.
alert178126,txn10078126,suspicious_login,48:13.6,0,,Radio sense security top really family position.
alert115921,txn10015921,unusual_time,00:36.2,1,00:36.2,Kitchen finish though take pay second art.
alert108997,txn10008997,suspicious_login,03:17.2,1,03:17.2,Statement still question single return explain under hear.
alert155349,txn10055349,unusual_amount,33:50.0,1,33:50.0,Well take last.
alert192291,txn10092291,frequent_failure,18:33.2,1,18:33.2,Training test cut the course thousand.
alert185153,txn10085153,unusual_time,25:02.4,1,25:02.4,Red benefit site approach reason.
alert130555,txn10030555,frequent_failure,21:18.1,0,,Door draw right.
alert131444,txn10031444,unusual_time,28:22.6,1,06:42.2,Executive four church others million bed.
alert123820,txn10023820,unusual_time,07:53.6,1,07:53.6,Money there people wind.
alert113776,txn10013776,suspicious_login,10:57.6,1,10:57.6,Security wall science region box.
alert131516,txn10031516,unusual_time,39:39.3,1,39:39.3,Bit yeah picture health attention six figure.
alert101129,txn10001129,unusual_time,36:17.1,1,36:17.1,Voice kitchen what factor check.
alert108599,txn10008599,frequent_failure,45:18.4,1,45:18.4,His paper positive peace should statement.
alert170792,txn10070792,unusual_amount,46:39.9,1,46:39.9,Red address when more service air.
alert145072,txn10045072,unusual_amount,27:48.5,1,27:48.5,Generation religious threat tough.
alert151354,txn10051354,unusual_time,29:53.4,1,29:53.4,Hand fire develop lot course.
alert178067,txn10078067,unusual_time,18:29.0,1,18:29.0,Do bag half according sport camera question city.
alert108732,txn10008732,suspicious_login,14:33.0,1,14:33.0,Rest father opportunity he want.
alert116529,txn10016529,unusual_amount,54:26.1,1,54:26.1,Certain clear author box operation late shake.
alert135573,txn10035573,unusual_amount,39:40.7,1,39:40.7,Democrat alone event nothing capital quickly standard.
alert160146,txn10060146,unusual_amount,45:24.8,1,45:24.8,Popular rule family high sound.
alert123160,txn10023160,frequent_failure,48:21.3,1,48:21.3,I start fear price.
alert191373,txn10091373,suspicious_login,47:34.2,1,47:34.2,Doctor detail career sort.
alert185250,txn10085250,unusual_time,44:00.0,1,44:00.0,Key bag then.
alert112998,txn10012998,frequent_failure,09:55.7,0,,Condition eat great good.
alert130846,txn10030846,suspicious_login,19:44.3,1,19:44.3,Various couple class itself effect do.
alert187223,txn10087223,unusual_time,57:56.1,1,57:56.1,Pay available throw sure guess.
alert174451,txn10074451,suspicious_login,46:41.3,1,46:41.3,Market start building whose tree while dark chair.
alert106771,txn10006771,suspicious_login,24:18.2,1,24:18.2,Approach fish compare child yes build level.
alert143332,txn10043332,unusual_time,07:41.1,1,07:41.1,Hear coach season.
alert196022,txn10096022,frequent_failure,45:53.0,1,45:53.0,Trial lot recently represent industry least.
alert167344,txn10067344,unusual_amount,53:36.1,1,06:42.2,Maybe behind everybody board specific expert.
alert191988,txn10091988,frequent_failure,29:11.6,1,29:11.6,Best group fish whole.
alert124202,txn10024202,frequent_failure,31:30.2,1,31:30.2,Evening another use doctor.
alert178187,txn10078187,suspicious_login,51:11.0,1,51:11.0,Phone treatment forward admit.
alert130457,txn10030457,frequent_failure,01:45.7,1,01:45.7,Occur stage maintain fact he.
alert159968,txn10059968,unusual_time,43:26.0,1,43:26.0,Picture kid science window college boy just.
alert157571,txn10057571,unusual_amount,38:46.9,1,38:46.9,Door laugh four kid.
alert120819,txn10020819,unusual_time,10:36.1,0,,Success itself take matter quite.
alert182781,txn10082781,unusual_time,49:45.2,1,49:45.2,Dog pass foot art firm hit.
alert173693,txn10073693,unusual_time,53:46.4,1,53:46.4,Common plan everything would send case.
alert186239,txn10086239,unusual_time,56:50.6,1,56:50.6,Organization actually middle cut debate respond.
alert107810,txn10007810,unusual_time,46:27.2,1,46:27.2,Same ever this miss ready manage.
alert144522,txn10044522,frequent_failure,03:46.0,1,03:46.0,Nothing dinner performance great.
alert142463,txn10042463,unusual_amount,35:53.3,1,35:53.3,Two open win budget sing along.
alert113806,txn10013806,unusual_amount,02:45.7,1,02:45.7,Sign develop her.
alert151120,txn10051120,frequent_failure,54:37.9,1,54:37.9,Themselves discussion across know and author.
alert113254,txn10013254,unusual_amount,57:17.1,1,57:17.1,We fish seat prove shake us policy.
alert104884,txn10004884,unusual_time,03:49.6,1,03:49.6,Center nothing popular face reduce walk.
alert110170,txn10010170,frequent_failure,22:52.5,0,,Alone perhaps case campaign break sit.
alert175123,txn10075123,suspicious_login,50:56.6,1,50:56.6,Again poor rule evidence.
alert188521,txn10088521,frequent_failure,48:32.7,1,48:32.7,Leg power political choose six.
alert128696,txn10028696,frequent_failure,45:01.9,1,45:01.9,May identify positive top successful human painting.
alert196544,txn10096544,frequent_failure,30:49.9,1,30:49.9,Sense such field us difference.
alert191426,txn10091426,unusual_time,53:12.1,1,53:12.1,Kitchen question myself base many seven.
alert189580,txn10089580,suspicious_login,37:42.8,1,37:42.8,Source mouth million.
alert143471,txn10043471,unusual_time,18:12.0,1,18:12.0,Local style picture condition.
alert177139,txn10077139,frequent_failure,37:56.3,1,37:56.3,Peace say sea street face relate federal.
alert176623,txn10076623,frequent_failure,13:37.3,1,13:37.3,Point down gun must similar senior.
alert126765,txn10026765,unusual_time,02:53.3,1,02:53.3,Term be support hand term hand sure here.
alert196219,txn10096219,unusual_amount,35:29.7,0,,Hot look weight public meeting meet mother.
alert166973,txn10066973,unusual_amount,30:54.9,1,30:54.9,Public meet five make ball.
alert154506,txn10054506,unusual_amount,13:31.4,1,13:31.4,Camera activity people news understand even energy would.
alert135835,txn10035835,frequent_failure,42:54.4,1,42:54.4,Someone health drive magazine.
alert103818,txn10003818,unusual_time,43:34.6,1,43:34.6,House house decade that.
alert112920,txn10012920,suspicious_login,42:07.2,1,42:07.2,Worry vote produce research state.
alert199581,txn10099581,suspicious_login,17:47.3,1,17:47.3,Deep box else wide.
alert107611,txn10007611,suspicious_login,04:29.1,1,04:29.1,Option because actually skin.
alert199792,txn10099792,frequent_failure,09:18.4,1,09:18.4,Stuff part meet behind woman establish.
alert175373,txn10075373,suspicious_login,00:50.9,1,00:50.9,Certain light success hold oil hair movie.
alert196631,txn10096631,unusual_time,25:24.1,1,25:24.1,Already character dark travel song.
alert123132,txn10023132,frequent_failure,50:34.0,1,50:34.0,Very because computer.
alert128377,txn10028377,unusual_amount,17:12.4,1,17:12.4,Organization clearly focus establish particularly campaign.
alert189538,txn10089538,unusual_time,47:46.6,1,47:46.6,Family partner arm international debate.
alert122797,txn10022797,suspicious_login,55:40.3,1,55:40.3,East where end well.
alert163091,txn10063091,unusual_amount,06:42.2,1,06:42.2,Cut foreign themselves work.
alert144876,txn10044876,suspicious_login,17:07.1,1,17:07.1,Themselves offer pretty deal her example.
alert189377,txn10089377,frequent_failure,38:55.3,1,38:55.3,Contain amount discussion foreign.
alert193227,txn10093227,unusual_time,34:47.6,0,,Government option trial degree challenge only world right.
alert169125,txn10069125,unusual_time,30:33.8,1,30:33.8,Maybe realize first pick on.
alert166299,txn10066299,suspicious_login,28:16.4,1,28:16.4,Conference whose surface scientist when position.
alert134922,txn10034922,unusual_time,04:38.4,0,,Season process may change out region large.
alert158056,txn10058056,unusual_time,34:27.2,1,34:27.2,Kitchen onto occur their no believe.
alert187084,txn10087084,unusual_time,33:51.2,1,33:51.2,Quickly very describe thousand behavior.
alert146452,txn10046452,unusual_amount,32:34.7,1,32:34.7,Or politics assume company final.
alert165545,txn10065545,unusual_amount,48:57.7,1,48:57.7,Whole glass matter measure else.
alert159756,txn10059756,suspicious_login,37:22.2,1,37:22.2,Floor long shoulder prove every foreign stock.
alert129608,txn10029608,frequent_failure,51:06.1,1,51:06.1,Project risk hit role lay young top.
alert167836,txn10067836,unusual_amount,49:15.0,1,49:15.0,Report buy risk pretty travel admit free leg.
alert111759,txn10011759,suspicious_login,45:55.3,1,06:42.2,Everyone land choice environment drug approach dark.
alert190572,txn10090572,unusual_amount,16:59.7,1,16:59.7,Read people shake close whether ten.
alert155057,txn10055057,frequent_failure,58:31.7,1,58:31.7,Little table off cost state resource.
alert137364,txn10037364,unusual_amount,15:49.5,1,15:49.5,Thing station husband site whole report seek drug.
alert182560,txn10082560,unusual_time,37:50.9,1,37:50.9,Magazine full my quite others seat let.
alert195259,txn10095259,suspicious_login,17:34.5,1,17:34.5,Late huge top game you feeling beyond.
alert189786,txn10089786,suspicious_login,22:10.9,1,22:10.9,Range detail inside difficult method especially.
alert171613,txn10071613,frequent_failure,34:19.9,0,,Admit Republican rate traditional human political.
alert164908,txn10064908,frequent_failure,47:00.4,1,47:00.4,Here arm work short evidence close face.
alert132261,txn10032261,frequent_failure,13:46.9,1,13:46.9,Draw professor thus medical.
alert158776,txn10058776,unusual_time,34:48.6,1,34:48.6,Painting use decision later company lawyer.
alert130103,txn10030103,unusual_amount,20:03.5,1,20:03.5,Hit somebody join born recognize computer.
alert115584,txn10015584,unusual_time,07:29.8,0,,Today threat against goal hit whom require.
alert146667,txn10046667,frequent_failure,49:30.2,1,49:30.2,Work purpose trade center movement rock ask author.
alert107870,txn10007870,suspicious_login,05:43.6,1,05:43.6,Right financial stay two eye themselves people arrive.
alert168446,txn10068446,suspicious_login,47:47.4,1,47:47.4,Despite film head outside.
alert169524,txn10069524,unusual_time,27:32.1,1,27:32.1,Whatever provide walk scene.
alert164675,txn10064675,unusual_amount,35:16.3,1,35:16.3,Yes yourself growth suddenly quality camera strong.
alert157023,txn10057023,suspicious_login,51:16.3,1,51:16.3,War else marriage dinner image student.
alert149538,txn10049538,suspicious_login,35:32.9,1,35:32.9,Admit tonight center huge.
alert185893,txn10085893,unusual_time,04:52.5,1,04:52.5,Thought maybe buy happy man.
alert189782,txn10089782,frequent_failure,51:07.5,1,51:07.5,Main voice system production else meeting their.
alert151823,txn10051823,unusual_time,15:02.4,1,15:02.4,Decide training how media heart explain course.
alert180247,txn10080247,unusual_amount,45:53.1,1,45:53.1,Save within career environment only call trip myself.
alert183525,txn10083525,suspicious_login,38:53.4,1,38:53.4,Partner value a natural.
alert164830,txn10064830,unusual_amount,14:16.9,1,14:16.9,Right actually your reveal save share size.
alert173499,txn10073499,suspicious_login,33:04.1,1,33:04.1,Visit school away place.
alert187522,txn10087522,suspicious_login,20:00.2,1,20:00.2,After world son respond baby.
alert169088,txn10069088,frequent_failure,50:08.3,1,50:08.3,Conference argue her suddenly else cover.
alert101466,txn10001466,suspicious_login,45:35.8,1,45:35.8,Themselves move lose table water major edge.
alert109459,txn10009459,unusual_time,41:08.5,1,41:08.5,Easy always base course form.
alert153977,txn10053977,unusual_amount,57:16.0,1,57:16.0,Notice other after anyone.
alert100760,txn10000760,suspicious_login,51:13.1,1,51:13.1,Late today for even beat.
alert173282,txn10073282,unusual_time,02:31.8,1,02:31.8,Challenge check accept practice appear financial.
alert165292,txn10065292,unusual_amount,05:19.9,1,05:19.9,Professor leg off throw rate pull.
alert144134,txn10044134,frequent_failure,53:38.3,1,53:38.3,North program people operation prevent worry.
alert131083,txn10031083,frequent_failure,00:59.3,1,00:59.3,Our character market mission picture among.
alert167270,txn10067270,suspicious_login,42:56.7,1,42:56.7,Dog personal relate head teacher account.
alert191975,txn10091975,unusual_time,59:27.1,1,59:27.1,Boy defense remember represent per.
alert152053,txn10052053,unusual_amount,13:00.8,1,13:00.8,Room turn begin nature.
alert178801,txn10078801,unusual_amount,30:03.2,1,30:03.2,New security both computer present event line story.
alert153009,txn10053009,unusual_time,26:50.1,1,26:50.1,Media detail short small bed growth enter foreign.
alert124547,txn10024547,unusual_time,46:07.7,1,46:07.7,Here hard first recent.
alert139631,txn10039631,suspicious_login,03:34.5,1,03:34.5,Energy fly blood pattern operation.
alert148274,txn10048274,unusual_time,52:21.4,1,52:21.4,Even decision begin similar scientist.
alert125755,txn10025755,unusual_time,14:05.7,1,14:05.7,Tv open sense fly.
alert197526,txn10097526,suspicious_login,08:05.3,1,08:05.3,Year whether music look.
alert177780,txn10077780,unusual_time,48:10.3,1,48:10.3,Maintain floor child.
alert172878,txn10072878,frequent_failure,00:18.1,1,00:18.1,Nice leave business without.
alert169934,txn10069934,unusual_time,28:25.1,1,28:25.1,We radio drop character.
alert154305,txn10054305,frequent_failure,07:32.5,1,07:32.5,Today leader dark position.
alert127276,txn10027276,frequent_failure,09:18.1,1,09:18.1,Teach past if available.
alert122653,txn10022653,unusual_time,08:31.3,1,06:42.2,Four few kitchen.
alert131644,txn10031644,frequent_failure,57:45.4,0,,Own although major rest sort address.
alert121427,txn10021427,unusual_time,21:46.0,1,21:46.0,From law best during under everyone red.
alert131481,txn10031481,suspicious_login,23:35.5,1,23:35.5,Decade poor capital scene community.
alert182537,txn10082537,unusual_time,45:25.6,1,45:25.6,Then blue anything recognize hear summer.
alert136419,txn10036419,frequent_failure,33:40.9,1,33:40.9,Least life worker financial.
alert163601,txn10063601,unusual_time,06:13.2,0,,Magazine week build reach recent.
alert110168,txn10010168,frequent_failure,39:37.3,1,39:37.3,Tonight day hair recently east join future.
alert115835,txn10015835,unusual_time,44:20.6,1,44:20.6,Foot with blood political meeting administration.
alert195676,txn10095676,unusual_amount,04:25.5,1,04:25.5,Away decade reduce base down us wrong.
alert125651,txn10025651,unusual_amount,22:19.5,1,22:19.5,High simple lead affect fill Mrs task.
alert165991,txn10065991,unusual_amount,54:08.0,1,54:08.0,Hold model model no team.
alert176325,txn10076325,frequent_failure,36:50.1,0,,Save drop scene history least both.
alert141537,txn10041537,suspicious_login,32:33.8,1,32:33.8,Store event among.
alert116033,txn10016033,frequent_failure,00:28.8,1,00:28.8,Write administration evidence.
alert150963,txn10050963,suspicious_login,32:09.2,1,32:09.2,Work plan unit notice heart light ten.
alert170245,txn10070245,unusual_time,52:19.5,1,52:19.5,Recent me plant that force threat toward.
alert107200,txn10007200,unusual_time,17:10.5,1,17:10.5,Investment while watch including.
alert154990,txn10054990,unusual_time,12:42.1,1,12:42.1,Door trial off hand.
alert194172,txn10094172,unusual_time,46:10.2,1,46:10.2,Present couple support because fact red mention nature.
alert174033,txn10074033,unusual_time,14:48.9,1,14:48.9,Discussion market wonder response them.
alert174887,txn10074887,unusual_amount,59:02.5,1,59:02.5,Sort write out drop including.
alert137405,txn10037405,unusual_amount,25:23.7,1,25:23.7,Drive soon material court or style technology.
alert149600,txn10049600,unusual_time,05:46.6,1,05:46.6,Always church community exist.
alert160767,txn10060767,unusual_time,50:20.3,1,50:20.3,Make wish game employee tax.
alert129306,txn10029306,unusual_time,13:16.6,1,13:16.6,Stay success shake realize.
alert128270,txn10028270,unusual_time,38:56.5,1,38:56.5,People question because nothing.
alert119734,txn10019734,frequent_failure,20:42.2,1,20:42.2,Range become form trial.
alert197052,txn10097052,unusual_amount,26:14.8,1,26:14.8,Room economy in enjoy resource run check.
alert133743,txn10033743,suspicious_login,12:58.0,1,12:58.0,International rise safe.
alert174376,txn10074376,unusual_time,26:56.5,1,26:56.5,No individual camera prepare section debate.
alert112317,txn10012317,suspicious_login,58:36.2,1,58:36.2,Respond allow detail Congress husband.
alert145380,txn10045380,unusual_time,50:44.9,1,50:44.9,Person during try buy new put data.
alert123099,txn10023099,unusual_time,28:44.7,1,28:44.7,Guy international up even hear.
alert145622,txn10045622,frequent_failure,10:24.1,1,06:42.2,Everything push decade nothing.
alert117602,txn10017602,suspicious_login,33:52.9,1,33:52.9,Area final traditional here process fish.
alert163178,txn10063178,unusual_amount,03:59.3,1,03:59.3,Left discussion still knowledge media too west.
alert164403,txn10064403,unusual_time,05:50.2,1,05:50.2,Training hand use alone.
alert159080,txn10059080,unusual_amount,32:12.8,1,32:12.8,Attorney company in especially later.
alert164829,txn10064829,suspicious_login,41:38.1,1,41:38.1,Security mouth this program sure.
alert170050,txn10070050,unusual_time,56:52.1,1,56:52.1,Those never standard occur.
alert125132,txn10025132,frequent_failure,05:25.7,1,05:25.7,Scientist difference really mouth travel sometimes.
alert137229,txn10037229,suspicious_login,00:30.6,1,00:30.6,Contain meet ever.
alert178619,txn10078619,suspicious_login,21:36.6,1,21:36.6,Mind notice too reality sound.
alert106697,txn10006697,frequent_failure,44:47.4,1,44:47.4,Evidence difference bar capital claim.
alert107331,txn10007331,suspicious_login,56:58.8,0,,Experience perform idea benefit six.
alert148061,txn10048061,unusual_amount,01:46.3,1,01:46.3,Little control executive likely window nature.
alert142399,txn10042399,unusual_time,58:56.0,1,58:56.0,High deep above kid station toward camera.
alert182079,txn10082079,unusual_time,54:48.5,1,54:48.5,Certainly else avoid throw.
alert135922,txn10035922,suspicious_login,13:14.7,1,13:14.7,Color job affect laugh hot better.
alert145186,txn10045186,frequent_failure,06:17.1,1,06:17.1,Their nearly sister return.
alert189253,txn10089253,unusual_time,00:50.7,0,,Top race its memory.
alert154409,txn10054409,suspicious_login,44:22.9,1,44:22.9,New lay particularly mother investment trial customer also.
alert196205,txn10096205,suspicious_login,31:23.4,1,31:23.4,Read ago contain night statement.
alert111575,txn10011575,unusual_amount,26:20.9,1,26:20.9,Certain to area always game.
alert152615,txn10052615,unusual_time,35:34.6,1,35:34.6,Current believe spend but.
